speed,power
9.11462,-4.04948
6.58733,252.485
6.64357,313.733
9.21977,687.995
7.92197,580.987
8.87879,659.627
9.30456,682.803
9.43887,690.277
8.66323,686.553
8.94206,688.345
9.03992,688.896
9.11268,688.994
9.02967,689.775
8.32565,666.726
8.60331,689.739
7.23086,505.196
8.56183,680.627
8.3393,669.509
7.7814,565.029
8.39491,672.033
8.4863,667.655
7.18438,500.654
8.07341,653.547
8.60353,686.201
8.52824,688.797
8.6728,687.881
8.0279,648.381
8.60788,687.972
8.59676,670.535
8.48267,651.314
7.64913,600.605
8.02637,648.442
8.43608,675.266
7.67051,536.868
7.66704,604.965
8.3159,667.683
8.57032,685.418
8.74595,683.629
8.39531,679.392
7.92114,585.53
8.63214,682.609
9.50643,687.892
9.10198,687.005
9.16327,686.368
9.51147,688.423
9.92621,687.223
10.3118,688.159
10.0677,691.708
9.99808,691.248
8.77593,690.231
8.36785,679.956
8.85515,686.514
9.45215,687.908
9.07469,687.972
9.05056,687.423
8.21474,665.412
8.31263,662.255
7.84878,586.022
6.82678,415.329
6.62745,374.423
7.58269,547.292
6.96597,437.328
7.64547,536.122
7.83234,595.68
8.59898,691.203
7.9455,668.614
7.57656,577.716
7.66947,589.292
5.77498,215.29
5.59105,205.674
4.94538,142.198
4.60719,106.745
4.75771,116.746
3.96165,72.1613
4.8081,143.293
6.13967,299.098
5.11004,155.305
5.14784,157.923
5.9752,260.37
5.79479,244.476
4.77634,148.22
5.25157,159.543
4.35914,90.1413
4.66844,110.811
4.11172,76.8678
3.5918,37.7452
2.75789,-2.63425
4.79333,120.076
4.56047,117.242
5.06386,153.364
4.94004,123.302
4.47456,108.537
4.30541,89.7206
4.16002,70.5036
4.61527,99.7212
4.33959,83.3486
4.36257,89.4013
4.36323,108.024
3.33935,43.5368
5.29608,-2.5246
3.95815,48.5536
4.55233,77.6398
4.13056,69.5853
4.2579,77.407
4.41623,92.9117
4.18653,60.8777
5.39818,155.633
5.80473,241.039
4.73945,125.651
5.09455,144.373
4.91984,129.06
4.0799,58.2323
3.62744,12.9215
3.42721,-6.19947
4.29235,92.5914
4.96138,104.759
4.81712,-2.58841
5.64798,233.023
4.36792,103.61
4.00206,79.5528
4.97618,126.504
5.00217,118.013
5.41535,164.552
6.15999,284.238
6.52249,317.802
6.16329,338.488
7.18429,476.886
7.21978,499.006
7.28554,496.693
7.67893,579.635
8.00259,675.236
7.0069,451.974
7.68472,561.206
7.15408,477.634
7.60518,559.737
7.59088,561.808
7.32433,508.67
7.4042,526.882
7.16355,503.204
8.05737,702.52
7.96183,716.996
8.92277,1000.51
9.48062,1258.15
9.3726,1201.75
9.75725,1302.16
9.27027,1117.25
9.76256,1289.86
9.89637,1268.12
9.7608,1162.2
10.3332,1423.44
9.33568,1145.72
9.70661,1265.91
9.44362,1204.38
9.67929,1260.32
10.3759,1348.35
10.0076,1335.65
9.48177,1248.1
9.56749,1266.2
10.0724,1400.03
10.1688,1370.52
10.5253,1471.49
10.9355,1448.53
11.5758,1528.4
11.6408,1492.18
12.5042,1531.15
13.2744,1539.39
10.9924,1437.69
11.7961,1479.02
15.3767,1546.19
15.4435,1544.87
13.9206,1540.51
13.5448,1539.3
10.8785,1489.88
13.6313,1544.27
14.5138,1544.65
14.9381,1544.72
18.7425,1545.71
19.2735,1544.72
20.0299,1544.96
20.4646,1528.58
17.4835,-9.43733
20.2856,1544.17
20.01,1544.29
19.8811,1545.27
19.0931,1543.04
19.5946,1545.07
18.9581,1544.99
19.0936,1544.41
18.9927,1542
18.8334,1545.61
19.4926,1545.56
20.1194,1546.16
19.2605,1544.74
20.0097,1545.29
18.5573,1543.62
17.5124,1544.75
17.9116,1546.12
19.0665,1544.17
19.0359,1543.1
20.1123,1545.81
18.2743,1544.33
17.1864,1545.35
18.5833,1544.43
19.6804,1545.58
18.9103,1543.86
15.0359,1544.63
16.4408,1541.59
19.885,1543.84
17.8267,1544.92
17.7299,1544.64
16.2915,1543.87
17.2991,1544.19
14.5638,1534.32
14.2118,1542.53
13.9538,1541.25
12.843,1537.96
13.4153,1542.7
13.6193,1480.68
12.8243,1525.99
13.4874,1534.29
14.21,1531.86
15.0851,1544.02
16.3962,1544.01
15.8074,1506.16
13.4775,1482.66
12.4397,1455.9
14.7507,1544.2
15.3231,1493.51
13.8408,1467.56
16.6981,1496.2
15.5106,1510.31
15.3909,1538.9
16.4736,1542.9
15.4085,1533.61
20.8108,-7.05463
17.6619,-6.10254
19.3287,1499.21
19.2507,-7.78247
17.0507,-5.81968
20.3924,1535.96
20.4117,-7.2222
19.2374,-6.10737
17.7099,-5.79111
18.9004,-5.54637
20.6837,-5.89258
20.8437,-5.94222
20.8143,-5.99078
18.2517,-6.30227
19.2507,-6.32849
18.9602,1532.81
19.2537,1543.72
17.7086,1541.76
19.091,1542.3
16.5918,1538.9
16.2252,1543.31
15.9149,1542.56
13.349,1506.57
10.5353,1387.66
12.486,1502.53
15.7681,1532.28
13.9028,1510.69
14.348,1505.62
16.1352,1538.96
17.5479,1530.71
14.465,1529.43
11.0171,1536.58
12.1281,1495.21
13.5746,1522.5
11.1678,1486.16
10.6847,1388.51
10.7999,1483.02
11.2272,1512.88
14.2954,1542.3
14.0978,1544.32
12.6194,1540.18
11.4361,1515.82
11.6848,1516.44
11.0867,1461.47
12.452,1535.77
15.3553,1542.7
14.592,1542.49
16.305,1545.07
16.8514,1542.9
15.162,1544.05
16.1241,1542.54
16.2594,1543.09
16.2402,1542.49
16.1507,1545.22
17.3736,1540.56
17.1279,1546.28
18.5327,1542.95
15.9407,1540.02
17.4449,1541.61
15.2356,1543.69
13.6211,1544.51
12.201,1540.13
15.056,1543.79
17.5588,1543.79
16.8973,1544.28
18.8537,1543.75
17.0465,1540.64
16.849,1542.45
16.9034,1544.75
13.8164,1530.05
15.1206,1533.29
14.4645,1544.04
13.9859,1537.38
13.446,1543.94
13.395,1543.05
12.7818,1543.8
11.4909,1536.01
11.3164,1457.59
11.0034,1527.6
10.9724,1529.44
10.3728,1431.85
10.3831,1473.8
10.7072,1504.06
10.6666,1496.07
10.577,1476.43
10.2247,1371.24
10.9622,1461.28
10.6369,1507.61
11.1996,1521.54
10.7104,1490.3
11.0048,1530.27
10.7803,1533.84
12.0564,1544.3
12.6005,1545.41
12.6055,1544.69
11.0138,1538.9
11.4472,1520.76
11.8192,1542.34
11.5322,1538
10.819,1532.62
10.6669,1541.86
10.5702,1529.32
9.9895,1363.59
9.75609,1328.82
8.83179,1030.27
8.0226,777.638
8.88901,1033.49
9.10729,1075
9.08697,1037.91
8.74232,923.348
8.27279,793.423
8.07196,736.127
7.43616,552.062
7.85833,700.393
8.21305,781.756
8.11623,772.734
8.47922,839.172
8.5072,885.062
8.54612,868.328
8.69541,949.762
8.64326,908.133
8.71016,878.607
8.22079,772.354
8.80623,919.04
8.50243,856.419
7.3829,483.341
2.42715,-1.92633
3.19919,-2.19551
6.13933,269.838
4.19864,81.3472
3.99739,55.0168
1.71602,-5.3917
3.15947,-6.08298
2.65645,-5.41087
3.43949,-8.01295
3.45441,2.79027
2.50509,-2.39224
3.03875,-1.93353
3.18246,23.7427
4.51106,74.111
4.69273,104.931
4.83141,99.4997
4.24465,59.1113
5.64073,221.471
5.19692,160.076
5.23855,146.567
4.55657,120.051
4.7366,121.333
4.18404,73.5634
4.62436,107.809
3.99316,45.6917
3.66607,30.5201
5.32761,145.174
4.74404,110.836
4.31629,97.0243
4.36329,79.9822
4.41193,89.7842
4.03028,54.3855
4.14266,57.1619
4.31106,88.4757
4.44438,92.4075
4.71264,102.303
3.8517,37.8149
3.371,19.5966
4.18325,-5.984
5.45169,-3.33076
3.79225,33.2673
4.20422,67.0704
3.971,47.7184
4.76754,-2.70019
4.13874,34.8883
4.79651,-3.43629
3.94509,-3.32605
4.21116,55.9373
3.52053,3.64895
3.79176,-7.21915
3.53234,-12.7908
4.84585,-4.78361
3.60055,-4.14002
2.93414,-7.4435
2.2881,-2.11748
3.0778,-2.74878
3.84573,55.7915
3.18219,-2.4256
2.82246,-2.92791
1.58389,-2.2797
1.94233,-2.36355
4.06045,-2.53212
3.30313,-2.12638
3.02033,-2.18147
2.33244,-3.1269
2.52186,-2.40863
2.22603,-2.00794
3.58106,-3.82179
2.42361,-11.3987
3.72404,51.9114
3.17891,6.71172
2.60512,-13.3118
2.60316,-2.85716
2.8035,-2.94662
1.94774,-2.31832
2.41464,-2.42545
2.2047,-2.69707
1.62894,-2.27873
0.412908,-1.88274
1.10556,-2.17706
3.56837,-2.15048
3.24622,-2.13288
3.39006,-2.27561
2.40581,-2.31052
2.2461,-2.29814
1.38245,-1.90095
1.3924,-2.16458
1.35054,-2.20158
1.68964,-2.30546
1.44397,-2.31023
2.40784,-2.25793
1.57473,-2.01124
0.680025,-2.16908
0.688703,-2.16582
1.66331,-2.10503
1.82303,-2.22608
0.163414,-2.14312
0.501705,-1.87742
1.21515,-2.09836
1.1024,-2.02952
0.570385,-2.11177
0.224393,-2.04576
0.818167,-1.96011
1.23514,-2.06065
1.55539,-2.19262
1.37879,-2.05498
2.06274,-2.08483
2.21036,-2.21499
1.99109,-1.9831
2.52411,-2.76837
2.12167,-2.21242
1.33297,-2.07661
1.37203,-2.05609
1.82134,-2.07555
1.69372,-1.8088
1.25749,-1.90969
0.711969,-2.08021
0.547951,-2.08422
1.41728,-2.09229
1.60578,-2.11466
1.56269,-1.73999
1.1053,-1.95086
1.91433,-2.07628
1.46879,-2.09376
1.66261,-2.08622
2.19415,-2.17504
1.72692,-1.94414
1.36784,-2.17138
1.02964,-2.07327
1.16183,-2.11579
1.03582,-2.10101
0.228655,-2.07577
0.142621,-1.63378
1.1656,-2.11497
1.62871,-2.33337
1.20526,-2.22933
1.5555,-2.06678
2.82292,-2.07778
2.57963,-2.79683
3.32254,-2.89244
3.5325,39.6163
3.36946,30.1742
3.67716,39.8466
3.7571,52.6567
3.62284,39.9925
3.75629,44.2705
4.07481,66.5545
3.68244,49.0754
3.77206,49.3893
4.00984,62.7526
4.34056,82.8272
4.89216,122.337
5.03791,142.529
4.93349,145.931
5.96811,227.73
6.97669,402.368
7.02905,419.652
7.0696,451.768
6.55064,343.523
6.20617,274.157
5.6324,208.783
5.7265,207.553
6.25087,287.302
6.2825,301.771
6.92278,403.703
6.8716,390.169
6.40979,325.214
6.24401,301.744
6.34032,304.664
6.19915,289.752
6.25591,317.098
5.99815,264.983
5.80344,237.206
5.89584,259.086
5.93985,266.594
5.60335,212.453
5.11304,161.379
5.13656,164.814
5.14905,170.234
5.12156,172.94
4.86429,151.66
4.52072,104.006
5.18649,162.214
4.527,98.4039
4.09902,73.5287
4.5111,88.2809
3.49586,39.3953
3.34125,28.0175
3.62084,-2.8068
4.24914,79.7116
3.79283,51.9567
3.767,50.8148
4.4352,90.058
4.30841,82.9804
4.17368,70.5239
4.41219,89.3897
3.89075,61.4851
3.7651,53.3664
4.00114,65.5513
3.42053,27.7838
3.69504,44.4228
3.97757,59.4557
3.84306,46.0153
3.59644,38.9598
3.85596,56.0999
3.49744,39.2602
3.27044,25.3451
3.84189,56.035
3.69479,50.2095
3.92422,63.088
3.55416,36.6832
3.20752,18.9685
3.43387,32.5722
3.80344,53.8106
3.21707,17.2373
3.39082,37.023
3.14022,20.9229
3.23893,19.3817
3.04867,10.3382
2.87971,-6.39302
3.59128,28.4934
3.4214,25.0199
3.02336,12.5916
2.61892,-5.70377
2.49435,-2.28912
1.90416,-2.08521
2.37483,-1.9443
1.97108,-1.64067
2.15705,-1.93767
2.91491,-2.35688
1.93766,-1.82903
2.43738,-1.94983
2.32654,-1.94385
2.37903,-1.9419
2.00789,-1.93439
2.3808,-1.72037
3.36502,-2.2191
2.5598,-2.64287
1.93339,-1.93523
2.06553,-1.94385
1.05274,-1.94354
2.04382,-1.95045
2.59822,-2.12103
2.61272,-2.04468
2.45722,-2.10499
2.44154,-2.14417
2.73688,-3.04383
2.92966,-1.7948
3.59678,40.528
3.26783,-8.53073
1.82453,-1.96262
3.70312,-2.43759
2.26209,-1.96752
2.49887,-2.09633
2.81917,-1.91344
2.69418,-2.04269
2.30355,-1.98324
2.56166,-2.33227
3.12349,-3.3957
3.07267,-2.08693
3.97379,-2.76418
3.6525,9.991
1.62694,-2.10095
1.32313,-1.72176
2.58839,-2.09695
3.61958,24.075
3.82063,-2.50685
4.23428,65.0835
4.87794,121.542
5.36898,174.454
6.03228,256.371
6.19656,302.351
7.15252,466.369
7.55683,589.312
7.51835,578.324
8.0894,715.264
8.09515,721.786
8.7303,922.188
8.22461,803.045
7.56374,600.891
7.46675,595.121
7.55503,580.021
6.42041,372.556
6.39077,344.969
4.61349,130.813
3.93874,70.8682
4.74326,126.069
4.44089,106.13
4.40963,96.8358
4.45932,110.746
4.99501,151.146
4.95594,140.983
5.28445,172.528
5.21885,166.359
5.8592,260.912
6.31609,341.423
5.18319,167.879
4.51658,117.149
5.7564,232.311
5.91698,264.025
6.78755,387.605
6.27475,320.617
6.43002,363.916
6.2789,349.291
6.3263,338.109
6.70002,398.013
7.6034,626.274
7.18324,486.335
6.10399,292.42
5.81441,244.379
5.66607,208.52
6.4461,301.55
6.68593,386.016
6.55672,365.968
5.73718,237.966
5.73855,210.621
5.64967,242.516
4.34876,85.5373
6.11619,286.251
4.94496,147.86
4.63614,120.742
4.85282,136.578
5.3734,173.321
4.82208,135.154
5.96642,264.224
4.97312,158.24
4.64924,120.873
4.70268,130.424
4.27886,87.7024
4.28383,91.7936
5.31091,163.971
4.91837,131.598
4.84992,130.263
4.54579,113.576
4.35292,85.5844
3.49933,36.6358
3.41564,31.1566
4.65311,100.378
4.02539,63.8856
4.31076,87.582
4.79898,149.698
4.73541,120.542
4.34463,82.3479
4.97554,134.495
4.59909,118.549
3.42736,41.5
5.90067,-6.43363
5.27603,165.364
6.2879,349.427
5.68987,228.518
4.60236,122.471
6.21926,292.663
5.18851,165.99
4.84771,134.773
6.01868,244.336
5.90811,246.861
5.84752,244.325
5.00266,151.206
4.97303,142.996
5.01616,137.622
4.71256,129.855
4.47979,109.259
3.62211,46.6755
4.05268,72.6025
3.72286,45.762
3.46133,45.3291
3.29515,-2.3895
4.33659,92.0615
4.92155,136.766
4.94465,134.006
4.1298,69.0707
4.12298,55.8863
3.77982,42.7919
5.10748,145.063
4.84776,119.866
4.3109,77.1199
4.77284,109.733
4.89758,135.154
4.66099,99.8587
4.67059,121.233
5.20915,155.462
5.68706,224.002
5.71488,222.395
6.26281,303.097
7.06603,440.988
6.72689,369.476
7.36058,502.376
8.1223,688.697
8.47381,799.97
7.93052,638.35
7.93054,683.99
8.11379,764.634
8.28752,797.372
8.61192,868.97
8.77055,954.884
8.62962,921.24
8.50228,843.349
8.53586,833.37
8.39178,784.797
8.49139,886.08
8.6793,905.32
8.11745,748.994
7.83619,646.805
8.20168,768.938
8.22191,748.822
7.44435,485.329
7.57664,583.857
7.7745,632.114
7.33083,535.582
7.35704,521.37
7.93331,654.088
8.05431,717.67
8.17795,698.648
8.25908,743.745
8.60328,884.861
8.41253,848.43
7.87985,654.964
8.31735,751.292
8.10447,716.052
7.83029,689.094
7.93748,720.946
7.94985,723.397
7.99526,737.155
8.85026,1009.87
8.88148,975.943
7.91243,687.357
8.41841,875.138
8.60479,935.152
8.73787,944.696
9.12127,1081.83
8.74467,956.164
8.75115,971.271
8.43894,892.074
8.12107,748.243
8.84194,981.075
9.25674,1139.64
9.52978,1196.2
9.1419,1062.18
8.91197,983.231
8.98986,1053.14
9.41892,1179.81
9.33735,1161.35
9.62349,1236.64
9.11087,1074.39
10.0316,1339.28
10.2495,1422.26
10.7038,1521.72
11.1306,1543.13
11.1656,1545.28
10.9643,1544.25
10.9877,1544.4
10.9652,1545.45
10.6004,1545.96
10.8141,1545.04
10.9438,1545.68
10.6041,1535.02
10.6973,1545.12
11.2103,1545.66
11.36,1542.97
10.9638,1544.8
11.226,1544.65
10.7385,1544.52
10.8029,1545.85
10.4687,1544.54
10.2712,1509.05
9.46489,1238.69
9.37397,1231.68
9.53855,1294.41
9.61369,1328.63
9.88129,1346.35
9.85141,1261.76
8.53851,954.737
7.59197,649.309
8.54726,874.278
7.21074,527.166
8.31997,803.007
8.77771,900.114
8.28964,809.584
5.9944,274.18
6.34474,288.147
4.39282,82.9799
4.46573,76.2252
4.88249,104.864
4.60469,90.3174
4.20372,39.5292
2.3096,-2.59999
3.95466,-1.76735
5.28923,148.772
4.88554,125.441
4.53341,-1.80188
4.17004,-2.74021
1.82619,-1.92581
1.74837,-1.93776
3.43391,-2.31848
2.84275,-2.03552
1.72138,-2.007
2.58535,-2.42947
1.922,-1.92594
1.89633,-1.71788
2.04008,-1.84739
3.99005,-3.72766
1.84591,-2.26413
2.2544,-1.89432
3.03827,-2.60067
3.87193,50.6834
3.68134,49.0848
4.28391,61.928
3.91104,62.8064
4.35211,64.8592
4.24157,76.7951
3.78103,18.8375
4.12338,55.674
3.89995,47.9357
4.21315,62.9253
3.70721,35.7819
4.28905,66.4714
3.72852,42.8287
4.30209,62.0698
4.59649,93.9568
4.98237,118.477
5.02538,122.982
5.59564,162.472
6.60428,253.738
6.8522,364.985
7.42215,485.692
7.80034,564.924
8.17026,668.333
8.23693,708.509
8.81898,852.62
8.74765,854.501
8.7873,840.036
8.61184,791.565
8.46689,775.672
7.72952,571.55
7.06735,420.23
7.29583,498.38
7.45062,525.128
7.11158,441.038
7.75575,541.367
7.22558,466.564
7.71961,547.504
7.73399,566.772
7.65053,552.247
7.22543,414.804
6.37994,304.238
6.58669,348.359
6.79964,368.108
6.7628,333.201
7.02376,397.986
6.75501,366.823
6.77703,373.999
6.21058,289.245
6.78374,394.981
6.85059,396.053
7.04599,422.938
7.10147,418.925
6.99679,420.418
6.66388,364.353
6.4773,336.357
6.63861,346.383
5.96596,235.854
6.28831,290.873
5.88033,237.568
5.96492,224.383
5.6683,201.067
5.60153,210.603
5.88696,259.194
6.21943,310.962
6.47996,360.427
6.90995,390.056
6.51648,356.907
6.02725,265.469
5.88289,243.077
6.01985,259.18
5.81666,239.672
5.17277,135.466
5.86069,245.729
5.5187,209.925
4.57634,106.776
4.55949,113.407
4.92899,141.224
4.32073,73.3476
5.33856,161.198
5.4246,174.502
4.68535,110.026
4.2904,81.739
4.8007,128.524
4.37382,99.936
4.15009,82.9597
4.62298,118.937
3.8583,60.8816
5.06312,162.45
5.17239,154.877
5.63409,222.729
4.54112,116.161
4.81842,133.399
4.14762,81.961
3.6603,-5.81144
4.75837,114.613
4.63399,120.494
4.4962,115.1
5.02249,156.511
4.42345,102.089
5.05189,139.812
4.88359,135.216
5.66661,221.378
6.00975,268.125
5.87226,257.247
5.57248,206.673
6.2058,290.664
5.24662,154.811
4.71445,121.453
3.49556,41.9992
3.5797,46.9293
3.8909,67.766
4.1191,77.4913
3.35502,33.2001
4.36109,97.6738
4.17385,68.6029
3.68529,44.3295
4.09638,74.1508
3.8885,61.0827
4.17835,83.296
4.52465,108.919
4.24127,85.9794
4.23688,83.0484
3.53754,43.013
3.02188,9.72001
2.48888,-11.4237
3.67166,-7.382
2.95469,-6.1209
1.94193,-2.00669
2.30007,-1.95107
2.69953,-2.3889
3.91968,-2.16864
4.16156,76.9642
4.41506,90.8289
4.37536,97.292
4.17784,46.6009
4.56776,83.1797
4.73045,108.147
4.83337,115.725
4.78136,119.057
5.01637,142.197
5.13224,168.651
4.48564,85.2064
4.44184,84.6307
4.47577,59.3411
5.02168,118.443
4.81081,96.6501
5.11814,134.25
4.52332,88.8717
4.54441,72.6415
4.03373,48.6067
4.19398,-2.73941
3.34027,5.28561
3.64109,14.3783
3.85206,36.3198
4.37812,86.9082
4.35642,85.9266
5.10936,125.045
5.13379,138.737
4.42147,85.9009
3.60443,31.0183
4.2762,63.2686
4.50398,94.1608
4.62623,92.3796
4.64622,90.0698
4.75389,93.16
4.73495,101.701
4.78794,90.6778
4.59051,69.6481
4.97561,140.864
4.83011,132.018
4.81701,113.86
5.62096,202.675
5.88176,218.739
5.24641,159.215
4.99254,134.992
4.5268,98.8753
5.06496,149.601
5.84839,223.528
5.68324,208.768
5.37075,161.23
5.65731,200.246
5.69513,209.265
5.34678,167.681
5.04355,154.099
4.81097,130.976
4.32774,100.3
4.16091,86.2977
3.9334,64.3818
4.8981,128.323
3.72326,51.5013
4.50742,114.837
4.14028,63.1494
5.2543,166.63
4.51981,84.4012
4.38553,68.2093
4.22558,81.2128
5.15736,158.631
5.0039,133.199
5.09845,144.713
4.81185,116.728
4.44767,87.0571
4.55766,99.2253
4.14835,61.1088
3.83906,-6.07636
3.27747,-2.13351
3.55693,48.7416
3.64461,50.9276
4.64618,110.14
5.94838,241.766
5.70977,224.412
5.60222,201.977
5.04736,140.765
5.36385,172.578
5.60786,213.921
5.61801,203.739
6.4742,311.904
6.32086,294.718
6.23666,289.734
5.30171,172.295
5.00972,148.223
5.35905,172.88
5.00744,141.67
4.63815,112.871
5.12041,161.141
5.13244,161.455
4.71664,126.096
4.84227,134.86
4.38384,90.3655
4.16672,87.6163
4.52351,102.911
4.48094,107.823
4.65469,123
4.66665,122.42
4.8513,136.419
4.68865,120.617
4.80911,126.186
3.61421,41.2851
3.57607,32.1492
3.31765,23.1186
3.86871,49.2371
4.0578,71.0291
3.78027,54.0781
3.53676,36.8168
3.3224,17.5048
2.73929,-7.7269
2.65137,-5.94712
2.34404,-5.79528
2.48347,-5.61237
2.33249,-5.93332
2.61712,-6.34405
2.37109,-2.04948
2.68653,-2.276
2.77379,-2.27712
3.21149,-2.40448
3.95059,70.4661
4.94679,152.473
5.60452,242.549
4.60563,106.452
4.8037,122.862
4.14866,63.957
4.52421,97.7303
4.61928,102.808
4.8891,122.36
3.72328,29.2601
3.56779,-6.23673
4.39328,97.1007
4.57427,98.1309
4.87244,125.798
4.68999,85.0221
5.22009,144.905
4.68243,121.292
4.89473,129.062
4.95847,120.448
4.52728,83.4016
5.11626,126.836
5.23088,158.617
5.90919,229.58
6.75902,364.913
7.5194,632.378
8.99751,1019.59
10.0445,1310.03
10.8193,1524.49
10.909,1546.14
12.5852,1545.91
12.6394,1545.5
14.036,1546.56
14.7653,1546.8
14.0096,1544.82
13.4531,1546.21
11.9274,1545.86
12.2726,1544
14.3214,1544.64
12.3283,1541.7
11.9684,1532.52
12.4494,1538.57
11.9341,1526.95
11.4434,1525.29
12.2113,1515.7
12.7686,1544.92
13.5859,1545.65
14.1218,1545.06
13.9616,1543.72
14.3646,1545.16
14.2792,1544.59
14.5975,1545.64
13.5885,1536.75
12.4206,1540.73
12.6478,1538.34
12.799,1544.97
14.1216,1544.22
16.1011,1544.72
14.674,1545.99
16.0294,1544.24
17.8451,1544.72
19.0282,1545.99
19.1649,1543.47
18.6844,1544.65
18.9399,1544.87
19.4212,1545.47
19.8189,1542.7
18.7724,1545.15
17.8125,1545.34
16.7938,1543.18
16.8731,1544.44
15.9642,1544.72
18.0933,1543.92
16.2537,1544.42
15.8952,1544.34
15.4355,1543.54
13.6131,1544.26
15.0159,1543.41
13.3536,1543.96
12.7361,1544.1
12.6827,1545.21
11.8968,1544.17
11.6165,1533.77
12.5228,1543.28
11.6616,1531.96
10.5685,1489.68
10.0488,1435.29
10.4781,1500.1
10.5185,1529.63
9.92907,1393.52
9.48467,1279.96
8.41865,885.594
9.05367,1045.26
8.61526,966.812
8.83638,992.084
8.57628,869.054
7.70268,654.815
8.41735,853.006
8.43704,833.349
7.28363,534.646
7.87193,690.813
8.24605,799.233
8.2588,824.048
8.61481,943.929
8.70902,930.145
8.51887,901.898
7.99695,696.873
8.13253,763.01
7.50475,633.005
7.24463,557.203
6.71649,419.277
7.03447,466.67
6.50148,368.577
6.39945,298.795
7.07071,465.686
7.17862,482.265
6.22501,312.742
6.6643,350.531
6.4872,340.661
6.11382,280.256
6.40939,318.829
5.76457,229.4
6.18669,300.19
6.17813,249.36
6.44032,333.049
6.03346,255.23
6.36662,290.686
6.33387,288.99
6.01555,240.63
6.09669,268.976
5.71056,209.853
6.2098,257.489
4.55891,113.259
5.73177,240.209
6.39752,325.482
5.84733,261.267
5.69486,245.995
5.60515,219.441
6.30334,274.227
5.60731,226.995
5.17587,144.806
4.98485,149.694
5.65656,229.003
6.57626,342.154
5.19164,150.35
5.90389,237.403
6.00145,236.97
6.12503,275.958
6.33295,296.789
6.53813,339.332
6.82644,384.021
6.32421,303.695
6.42952,310.393
6.87837,418.373
6.29777,338.232
6.94592,419.267
6.70794,370.948
6.67165,354.193
6.56654,324.791
7.23731,465.661
7.04922,460.319
7.0541,470.527
7.11103,511.22
7.33054,545.4
7.62521,625.13
8.96181,1006.09
8.7064,993.214
8.38699,912.173
8.23359,890.323
8.74818,1019.55
9.3546,1123.87
9.54832,1197.28
8.80078,1059.34
9.01817,1085.97
9.0859,1082.93
9.56505,1188.31
9.55221,1187.45
10.2759,1388.87
9.76362,1285.37
8.26954,891.523
8.58438,907.576
11.0369,1458.77
10.8679,1480.26
12.5941,1544.25
13.4478,1541.53
12.6597,1542.21
14.1585,1543.58
17.2656,1545.05
17.8403,1545.23
19.0475,1545.95
18.9764,1544.14
15.8256,1543.99
16.6378,1546.02
15.0316,1544.46
13.778,1519.7
11.886,1525.57
11.7778,1439.5
10.8111,1372.22
10.246,1342.56
10.4972,1453.77
9.56095,1250.41
9.50958,1180.39
8.95159,1027.02
9.17887,1093.23
10.9031,1355.44
12.9617,1544.24
14.7566,1544.93
12.4986,1518.51
10.9254,1412.07
9.88553,1344.77
10.6428,1468.13
11.5369,1490.53
10.9976,1497.2
9.90242,1260.04
7.32396,571.129
8.44212,889.285
9.55666,1253.71
10.1305,1419.71
10.6081,1461.66
10.3184,1391.7
11.771,1497.86
12.486,1545.34
13.1115,1546.2
14.089,1544.54
14.7655,1543.61
14.5066,1545.04
13.0768,1545.36
13.0389,1542.87
13.6364,1545.25
13.424,1545.52
12.2644,1545.82
10.3697,1522.86
10.5797,1541.42
13.6865,1544.16
16.2618,1545.14
16.5478,1544.22
17.7046,1543.65
16.9757,1545.51
15.7527,1544.79
16.7509,1543.27
13.9804,1543.44
13.3503,1544.33
12.4707,1540.47
12.0408,1544.58
12.3344,1540.23
11.9349,1542.79
11.1255,1538.92
12.5569,1543.87
11.8846,1539.7
11.7586,1513.03
11.0579,1430.68
10.7505,1420.73
9.51862,1218.32
9.1876,1127.13
8.78002,973.575
8.62051,895.058
8.4036,836.148
8.10794,716.279
8.76435,896.386
9.37009,1109.1
10.0845,1358.13
9.29195,1134.7
9.65421,1147.72
8.57407,893.692
8.2795,756.658
7.84766,644.104
9.43267,1134.3
7.89004,593.796
8.02102,686.986
8.71229,867.023
6.38642,352.327
8.24886,814.461
7.70782,553.641
7.97516,670.546
8.8401,890.398
7.60475,505.638
8.00395,667.664
8.13354,694.837
8.2348,751.331
8.76712,885.111
8.45971,835.082
8.03543,717.93
9.10841,986.194
9.42845,1099.22
8.91049,857.94
8.51599,828.609
7.19667,502.396
7.60164,545.029
7.29915,497.344
6.9032,461.013
6.89925,416.524
7.18067,464.557
6.36403,352.892
6.41562,349.885
7.84868,590.237
9.11614,962.593
10.3571,1370.55
10.7976,1478.26
11.0457,1507.39
11.7296,1531.67
12.0053,1536.93
13.6651,1542.62
13.1213,1542.83
13.1997,1542.42
13.5706,1544.23
14.1311,1543.03
13.686,1544.96
12.8534,1544.58
11.8454,1543.86
11.5737,1544.05
11.9367,1507.03
10.5084,1369.31
11.4519,1515.94
10.9672,1484.55
10.8814,1470.76
11.0297,1484.89
11.8524,1526.26
10.7817,1476.95
9.79522,1315.66
10.0927,1372.71
9.86657,1323.13
9.81613,1284.06
9.58414,1209.17
10.3356,1348.65
10.1907,1290.29
9.7915,1219.25
10.3101,1310.1
10.2246,1342.3
10.044,1283.48
10.1708,1332.14
10.2547,1347.07
9.80861,1241.81
9.98026,1277.96
10.3978,1342.19
10.0054,1267.94
10.0987,1286.33
10.5113,1373.65
10.6528,1338.66
11.2671,1454.57
10.8431,1362.23
10.1304,1252.81
9.81289,1204.62
10.1521,1278.86
10.1646,1270.29
10.2033,1290.28
10.3372,1348.04
9.87678,1257.25
10.1569,1300.14
10.6106,1369.24
12.6437,1515.11
12.8073,1541.38
14.1789,1545.28
16.2509,1545.3
14.8341,1544.97
14.9622,1545.66
16.5463,1545.56
15.7481,1544.05
15.8337,1543.13
16.7287,1543.66
17.9251,1543.8
15.7283,1544.92
14.9447,1543.84
14.3681,1542.64
14.6164,1545.13
15.6544,1543.75
17.3201,1544.16
16.8246,1545.76
17.0513,1545.85
17.87,1543.37
18.3924,1543.83
19.6133,1543.73
19.77,1543.17
19.4553,1543.84
19.4624,1543.67
19.3637,1544.36
19.8411,1544.33
19.8542,1543.46
19.9742,1542.41
18.8481,1542.73
17.0562,1543.03
16.8915,1544.04
15.9582,1543.12
15.9743,1542.97
14.5164,1543.48
14.5116,1541.71
12.3143,1523.52
12.355,1516.23
11.136,1420.28
10.0139,1338.05
9.88507,1292.59
8.9476,989.798
9.47845,1159.29
9.70291,1204.98
9.40816,1120.71
9.14802,1003.89
8.44324,806.244
8.23767,706.279
9.07921,1052.28
8.11433,694.843
7.88137,675.951
6.56974,389.14
5.35962,162.117
5.12757,129.461
3.71547,33.2081
3.68279,-1.78891
3.6711,-2.16864
3.93914,46.9317
3.08677,7.34575
4.5025,76.2178
3.6377,-2.05115
4.22667,65.2947
4.67927,113.202
4.84805,92.2905
4.18811,47.7631
5.19002,166.211
5.44113,158.873
5.18354,152.817
5.1812,141.99
5.95035,216.734
6.62284,329.392
5.03525,140.051
5.89283,214.434
6.52243,309.013
6.99444,430.069
6.73078,356.759
7.31175,441.481
7.60184,567.829
7.42862,515.565
8.7274,856.255
8.25185,724.041
8.71359,877.493
8.09964,701.797
8.34642,785.749
9.26422,1020.24
9.24677,1059.17
10.0622,1239.44
9.18738,1019.9
9.51756,1122.11
9.37255,1104.3
9.45358,1102.43
10.0104,1255
9.94826,1270.21
9.92618,1264.7
10.3406,1405.99
10.367,1467.4
10.8153,1470.25
12.0407,1521.27
12.219,1538.46
13.0705,1537.12
12.7925,1534.01
14.4782,1543.39
18.0219,1543.13
18.8729,1545.36
19.3529,1543.68
19.9963,1544.38
19.8562,1543.36
20.28,1526.17
18.613,-8.89123
20.1171,-7.76031
20.8305,-5.6888
20.7672,-5.54642
21.5783,-5.49451
22.1429,-5.67198
21.6322,-5.66962
22.382,-5.67925
22.9071,-5.69607
22.9136,-5.528
21.6817,-5.53582
20.7657,-5.68663
20.9959,-5.70196
21.5725,-5.68641
22.3521,-5.73753
18.9603,-5.55631
19.8446,-5.58366
19.2831,-5.71542
19.3348,-5.72029
18.5598,-5.71584
19.9296,-5.74017
20.872,-5.4886
22.6673,-5.67969
23.1791,-5.75115
21.1376,-5.91768
20.8315,-5.76574
21.3639,-5.80951
22.6635,-5.49839
23.0027,-5.8043
24.1702,-5.91471
24.1802,-5.87367
23.9527,-5.85119
24.775,-5.86286
24.7802,-5.48083
25.413,-5.85374
24.2673,-5.84312
25.8114,-5.87892
24.793,-5.93315
22.9686,-5.82906
22.7308,-5.51529
23.1378,-5.64214
25.0845,-2.13024
23.8385,-2.12962
23.5702,-2.18652
23.1517,-2.20186
22.5587,-1.95548
22.1226,-2.26825
20.3853,-2.28518
19.862,-2.27203
19.2269,-2.35737
17.949,-1.92378
19.784,1548.68
19.7788,1544.72
15.59,1545.26
15.8037,1544.34
14.6855,1543.79
14.4325,1543.34
14.62,1544.17
14.1119,1539.93
13.1675,1542.02
11.4454,1504.6
12.5777,1530.54
14.5997,1534
12.5556,1511.98
14.9435,1537.01
16.5921,1543.1
19.6111,1544.79
11.6122,1421.26
13.6227,1479.1
15.1986,1488.76
19.8995,-7.01113
17.696,-6.17374
13.7571,-5.78335
20.7689,-5.55218
18.8669,-5.78819
19.7663,-5.80252
18.3973,-6.42664
20.4297,1545.51
22.3161,-5.99417
21.261,-5.90037
18.6197,-5.93098
20.6384,-5.99673
21.4286,-6.32481
22.2938,-5.84621
22.6961,-5.80962
25.0256,-5.87739
21.7285,-5.61123
22.646,-5.8791
20.5728,-6.04386
22.5476,-6.22627
25.3229,-6.01505
19.3191,-5.77747
20.464,-7.0585
17.8374,-5.98132
18.1938,-5.51839
18.977,-5.87314
18.7367,-5.92087
20.7439,-5.92463
20.1256,-5.84739
21.2244,-5.67754
18.0424,-6.06091
18.6714,1525.34
15.17,1497.53
12.9851,1450.85
14.9831,1534.6
16.1831,1535.99
17.3112,1538.37
19.6727,1543.29
19.9703,1545.65
16.6978,-6.63508
17.5372,1543.89
17.7124,1537.15
19.0524,1534.28
19.1778,1541.13
18.6307,1524.03
16.1791,1535.4
16.2908,1523.24
18.1029,1543.23
18.6167,1542.23
18.1501,-8.68402
18.1102,-5.50456
20.8895,-9.14832
18.5777,-6.41932
18.8721,-5.79932
16.6405,-5.65361
22.095,-5.95382
22.8942,-5.77618
21.6232,-5.65695
22.7591,-5.88497
23.1314,-5.95257
24.622,-5.95164
24.2836,-5.91694
25.8544,-5.90261
27.0093,-5.78897
27.8559,-6.0249
26.9677,-6.00787
28.6063,-6.05753
27.0967,-6.04087
27.8811,-5.88234
26.2209,-6.01879
24.8264,-6.09697
24.9713,-6.20262
24.9296,-6.13693
26.3604,-6.01351
26.3448,-6.03002
25.8911,-6.21551
25.583,-6.18489
26.0175,-6.18398
27.7794,-5.97727
27.0056,-6.13746
25.2532,-5.39923
25.9118,-2.41062
26.4023,-2.44678
25.7504,-2.4573
26.2997,-2.30195
25.3486,-2.43242
26.9549,-2.44366
27.7841,-2.43598
27.074,-2.42817
29.1042,-2.44889
26.5701,-2.16792
26.4449,-2.42768
25.0838,-2.46068
25.5034,-2.46861
26.3526,-2.46311
25.814,-2.04959
26.6372,-2.49242
26.6358,-2.50568
27.1861,-2.49208
26.0683,-2.50245
25.8546,-2.44696
28.3828,-2.0919
26.9958,-2.49412
26.2302,-2.50709
26.6601,-2.49493
26.8741,-2.4753
27.2263,-2.40228
27.163,-2.17602
26.532,-2.48706
26.8487,-2.46566
26.6505,-2.48637
26.4524,-2.47714
26.182,-2.35514
25.7568,-2.10384
23.5533,-2.48852
22.7045,-2.46639
22.88,-2.49702
21.826,-2.30908
20.8257,-2.1305
22.2092,-2.63902
23.6735,-2.53413
22.0729,-2.31537
22.0659,-2.17087
20.8614,-2.62243
14.1712,-2.28412
19.8402,-2.74411
22.1516,-2.51142
17.1086,-2.41247
16.1644,-1.84434
16.9203,1487.18
17.5989,1507.82
16.4146,1516.03
19.3676,1548.4
17.7757,1540.98
19.949,1542.6
16.8448,1509.93
19.6612,1511.76
19.17,-8.71286
18.3948,-5.46356
15.3755,1500.43
20.3936,1540.26
17.9523,1527.75
20.0651,1544.13
17.132,1528.84
15.4556,1524.88
16.5589,-8.90553
16.6659,1534.45
13.6666,1466.47
17.726,1530.8
19.3768,1537.01
18.1372,-8.94877
14.2268,1475.27
16.3083,1536.82
12.1806,1432.88
16.9206,1521.09
16.2322,1473.31
17.6705,1542.48
19.1261,1543.08
22.0426,-7.28481
19.3555,-5.7622
18.4641,-7.62396
15.4153,1545.07
11.9198,1490.16
11.846,1543.33
15.4674,1541.8
17.1935,1544.65
15.1624,1543.46
16.6185,1543.78
15.836,1542.39
14.8999,1540.89
19.3157,1520.55
19.3272,1543.49
18.7397,1545.51
19.2159,1543.04
19.4008,1544.87
18.93,-9.18013
19.1526,-6.41326
16.9577,-6.49678
22.0761,-6.64466
22.8647,-6.03653
22.1918,-6.06855
21.4763,-6.02737
24.4655,-6.05604
24.4116,-5.98553
23.7234,-6.10449
22.1845,-6.12873
23.2855,-6.12404
23.8831,-6.14778
24.4726,-6.03343
23.7888,-5.96585
23.5974,-6.17759
23.1169,-6.15508
24.2524,-6.26508
24.6849,-6.00925
23.273,-6.01172
21.6679,-6.14744
22.188,-6.16008
22.377,-6.13897
22.2617,-5.97372
23.0589,-6.05277
23.4866,-6.19899
23.6287,-6.22862
23.192,-6.58532
20.4655,-5.95785
20.4436,-5.65725
20.7799,-2.51982
22.4949,-2.42808
21.7668,-2.52636
18.2934,-2.55932
18.8294,-2.22263
17.9261,-2.63351
18.0093,1547.95
20.1049,1546.76
22.5303,-6.14608
21.2511,-6.12884
22.6703,-5.94739
21.0876,-6.07037
21.3807,-6.1554
20.586,-6.15318
21.4739,-6.14314
21.5705,-6.16472
21.196,-5.81302
19.6579,-6.07346
20.2326,-6.13818
21.5038,-6.15022
22.1506,-6.18333
22.6177,-6.14684
23.0905,-3.3539
21.7586,-2.40072
22.1436,-2.80159
21.8288,-2.59645
22.1249,-2.44945
22.3327,-2.46591
23.1653,-2.05198
21.6357,-2.40906
20.7668,-2.4153
19.4606,-2.40389
19.516,-2.4701
18.2109,-2.17802
20.411,1534.67
22.5229,-6.05337
20.0242,-6.29268
18.0634,-5.73699
20.1915,1528.34
18.8411,-6.29873
14.3708,-6.67782
17.736,1484.81
15.8431,1460.26
16.1474,1515.74
15.2105,1495.62
13.9258,1454.06
13.9988,1463.57
12.2783,1387.05
12.869,1431.25
10.561,1348.25
11.8257,1441.8
8.14738,730.418
14.0017,1525.77
13.1347,1388.82
13.2908,1443
10.7343,1238.84
13.1982,1408.67
12.8339,1387.21
12.7652,1517.14
12.2023,1386.72
13.0416,1444.68
13.5039,1423.44
13.9042,1461.79
14.3029,1457.88
12.6901,1418.25
12.4858,1386.66
14.9838,1515.42
14.2969,1490.85
14.3161,1467.87
12.9334,1402.8
11.5868,1400.5
11.3937,1357.42
9.10844,1023.75
9.51061,1065.06
9.21597,1064.88
9.90798,1207.83
11.4639,1424.22
13.3643,1535.92
11.0955,1443.61
9.84278,1274.18
9.70309,1219.34
10.3751,1353.16
11.4607,1459.09
10.3752,1417.28
10.6248,1439.72
13.012,1537.66
12.5564,1506.61
11.6608,1507.3
11.1665,1450.67
12.0639,1491.63
11.5666,1443.45
12.7477,1521.27
14.8198,1544.05
16.7163,1544.46
18.1259,1542.4
19.3289,1542.08
16.6905,1536.54
15.4061,1541.55
15.9692,1541.83
13.9695,1544.3
16.4055,1541
17.1164,1541.55
18.4835,1541.83
16.8426,1543.82
17.8165,1543.29
16.277,1544.7
15.02,1540.45
15.6017,1543.58
16.3729,1538.58
17.0461,1539.99
17.8486,1534.3
15.6052,1543.46
17.8498,1544.56
17.8573,1540.88
15.9927,1540.78
15.7716,1542.29
13.2365,1543.61
15.3532,1528.2
18.2593,1541.78
17.8954,1544.2
18.535,1541.98
16.1058,1544.66
15.2471,1539.28
17.6196,1542.75
20.1599,1545.15
19.1816,1546.04
18.5841,-8.99566
17.7947,1542.64
19.1315,1539.83
18.0644,1538.17
20.2822,1542.92
20.416,1533.98
18.2762,-9.09565
17.9552,-9.17954
20.4462,1533.52
19.2913,-9.25502
18.9517,-6.71909
19.9756,-5.82243
18.268,-5.9093
18.335,1546.49
14.9679,1518.66
14.5438,1534.19
16.2696,1538.65
16.7969,1523.46
14.7252,1527.29
13.5828,1490.55
12.8455,1500.78
11.5211,1376.77
10.2287,1249.16
9.5219,1128.22
8.23134,758.198
8.11854,722.633
8.31112,753.844
7.7912,616.823
6.37517,286.866
7.22561,485.318
6.41557,317.421
6.81838,361.433
7.11683,418.356
7.37488,474.632
7.40912,469.235
6.88337,418.19
6.38513,295.424
6.7051,356.341
5.56647,166.019
6.62019,271.129
6.30952,255.992
7.13306,394.177
5.64571,223.072
6.5299,297.956
7.11813,437.713
7.74287,639.005
6.57435,346.616
6.65651,310.578
6.23632,260.81
6.43517,331.412
6.82766,363.114
6.97199,443.109
8.40747,814.668
6.81711,412.225
6.98344,413.195
6.45471,369.349
7.9576,630.266
6.22671,303.361
6.34097,278.482
5.87213,233.138
5.53039,210.702
7.42415,417.68
3.71692,36.7867
6.46215,387.509
6.5117,348.553
5.48177,153.355
8.19252,650.973
7.31518,487.887
8.98096,911.687
8.88407,883.63
7.40564,532.13
6.51086,363.762
5.10526,146.704
3.5484,-11.03
4.68231,84.4458
4.42168,72.3041
4.26007,-2.11308
4.86557,102.054
5.33216,163.361
5.4638,168.465
4.9855,117.943
5.6831,173.154
5.30625,164.569
6.65158,320.222
7.33398,489.023
6.97743,396.946
6.6761,309.033
6.62483,331.348
6.34852,300.145
6.13597,227.988
6.34755,256.423
5.70384,168.157
5.32809,139.452
4.56523,98.0478
4.71907,112.966
4.89648,105.996
5.22824,130.472
4.36503,63.9193
4.48155,64.1905
4.47014,81.0441
4.67141,88.9705
4.59657,91.4759
4.16044,66.5385
4.34535,45.7171
4.06801,-2.3494
4.04562,47.8165
3.93094,41.3862
3.93772,63.0589
4.00862,43.9549
3.98701,47.4868
4.32568,71.3557
3.69813,40.4163
3.32423,19.072
4.15855,68.8853
4.11119,55.9932
4.73831,102.374
3.99823,54.4513
3.7462,43.6954
3.71052,26.4121
3.37626,0.466908
4.04494,47.8797
4.13635,71.6389
4.09283,53.3473
3.3741,11.7084
3.50827,17.8187
3.54004,-2.12943
3.2397,13.3448
4.11372,48.4915
4.12875,46.3217
3.79025,35.8045
4.15226,66.8814
4.26779,74.4495
4.99213,141.297
4.47859,96.6825
3.95581,54.1227
3.42462,36.0878
4.10673,65.7095
4.35533,79.4551
4.22129,52.3243
3.56811,33.7407
3.43092,33.4315
3.78149,54.9811
3.09885,15.1055
4.38955,100.24
4.55244,112.763
4.76032,119.314
4.69046,120.81
4.1267,55.424
4.75288,100.68
4.09705,78.1412
3.78293,54.1045
3.76974,51.0448
3.4166,30.8896
3.9501,67.5078
3.47306,39.274
4.18907,76.6336
3.82118,49.1692
3.0127,-2.9844
3.12388,17.9554
3.62351,47.5963
4.09707,59.3469
3.09837,14.404
3.1573,25.9949
4.12071,78.3301
4.46716,100.354
3.69823,50.4656
3.94836,61.5354
3.45266,35.5931
2.5507,-9.9105
2.30632,-2.04717
2.60687,-2.40637
2.4625,-2.06396
2.52026,-2.11728
2.19363,-1.95093
2.84258,-2.57862
2.8419,-2.9466
3.14354,-1.81457
2.62092,-2.05417
2.08544,-2.40687
2.05642,-1.85275
3.11718,-3.66285
3.902,57.9361
4.46907,82.112
5.416,160.941
4.89651,141.294
5.54178,174.181
5.18262,158.962
4.96527,133.024
4.56773,92.9712
4.78846,106.228
4.14261,74.2141
3.85477,55.1586
3.75119,44.988
3.94941,64.6052
4.53767,95.8415
4.7253,103.728
4.2705,83.8321
3.86625,50.6224
3.80849,34.0998
3.87373,42.2131
3.77038,56.751
5.36013,139.42
4.83108,124.263
5.11746,130.659
5.45078,162.08
6.31675,279.06
6.7421,404.048
6.05002,253.116
5.94159,265.854
6.69932,376.156
6.75472,334.003
6.55615,377.179
6.68527,391.723
6.37579,329.176
6.20719,293.704
6.1042,292.564
6.54646,304.532
6.30777,290.504
6.46482,324.768
5.98602,243.943
5.84301,229.353
5.53089,225.275
5.4378,173.779
6.17249,274.303
7.21501,403.287
7.19476,424.098
6.81239,332.99
7.14994,448.539
9.30686,1038.45
8.8027,863.434
9.60299,1168.28
9.14143,955.357
8.83285,897.303
9.82835,1212.47
9.32288,1066.85
7.64721,597.238
7.52093,573.442
8.77379,831.925
8.29341,771.302
8.87056,942.15
9.41839,1099.03
9.61679,1183.92
10.1166,1321.2
9.48929,1125.05
9.75489,1217.14
9.94594,1236.99
8.51091,887.382
8.96302,1061.99
9.70832,1308.33
9.44575,1173.21
9.54463,1252.84
9.38329,1202.94
9.79438,1328.67
11.3094,1536.34
10.7601,1504.55
10.4015,1493
10.1706,1430.61
9.95201,1361.75
9.41392,1194.87
9.62667,1252.38
9.93168,1332.56
9.81601,1270.86
9.74988,1299.93
10.3194,1422.06
10.1601,1408.53
10.1266,1410.74
10.0229,1403.07
10.3433,1434.05
10.1624,1359.84
10.5779,1467.64
10.0542,1387.64
10.9328,1462.62
9.1275,1148.04
9.95762,1423.47
9.14804,1129.94
9.45552,1267.38
9.74293,1338.04
10.303,1449.75
10.4579,1492.35
11.7506,1529.52
11.4935,1513.54
11.0791,1537.31
12.0486,1544.14
11.341,1536.39
12.5066,1544.97
11.0802,1512.55
10.9377,1521.82
11.219,1524.2
14.9334,1545.22
14.0037,1544.1
14.4308,1544.43
13.0993,1546.1
14.8137,1543.59
19.2036,1542.92
18.8286,1544.35
17.3907,1544.41
17.1027,1544.74
14.4903,1540.68
12.7878,1544.27
15.082,1543.86
13.0316,1543.12
11.5935,1525.7
10.063,1340.46
11.0697,1392.56
15.3373,1543.73
13.7856,1536.84
14.8109,1543.82
12.5508,1509.48
11.7741,1503.12
10.9673,1390.7
10.4522,1279.58
12.5117,1418.41
11.3431,1351.48
13.7344,1484.19
13.1843,1458.37
12.7073,1476.97
12.1892,1383.42
10.927,1411.44
9.62887,1159.33
10.9357,1453.53
10.9155,1289.62
10.064,1137.61
11.4399,1437.83
15.2492,1536.54
17.4676,1537.62
14.1664,1463.44
15.2756,1474.73
13.03,1536.1
11.7991,1354.18
14.8604,1452.83
13.5018,1531.59
8.0797,687.767
7.55083,579.474
6.34294,-8.89688
5.19385,-8.66924
4.34877,-10.1224
4.00857,61.1114
3.7429,-11.6337
4.03092,-5.64015
4.31995,97.5586
5.02265,139.629
4.45903,95.3036
4.40213,74.2057
4.02354,52.8411
3.33468,17.8799
3.05031,-5.70051
3.37162,-5.69825
4.19426,61.7211
4.20001,71.9556
4.15359,42.2328
3.89658,23.5362
3.32307,11.6205
3.01647,9.69996
3.33167,-2.95242
2.41587,-2.57287
2.71956,-2.38266
3.97882,-3.62726
4.15427,82.5432
4.22293,79.0359
4.32551,86.7349
4.47491,97.0103
3.62927,36.1945
3.53688,27.0715
4.67377,109.987
5.07086,148.598
5.55866,204.762
6.36231,265.541
5.57234,230.886
5.83118,244.812
5.76319,257.82
6.83328,384.692
5.6077,211.654
6.12885,257.879
7.45905,570.37
8.38256,825.145
9.88386,1211.07
9.80972,1237.99
9.9041,1289.89
10.4831,1382.86
10.6835,1429.73
9.99636,1332.59
10.3617,1405.42
11.1415,1504.83
12.7607,1529.43
13.3411,1544
14.3711,1543.97
14.3666,1546
13.9484,1544.82
14.1711,1545.06
13.7285,1544.58
13.6125,1545.93
14.6103,1544.49
12.5938,1543.61
12.4506,1544.39
14.1196,1545.2
12.8753,1544.82
11.6317,1543.75
12.4647,1544.67
12.8355,1544.77
12.7208,1543.95
12.4316,1543.25
12.04,1545.81
11.8863,1542
11.8503,1545.76
11.2944,1544.37
10.9972,1544.49
12.7704,1544.3
11.6108,1544.23
11.6304,1543.52
14.8849,1543.74
15.5063,1545.15
15.8993,1544.77
14.5111,1544.18
15.3832,1543.86
15.5424,1542.63
16.9776,1544.29
12.9992,1543.12
10.6317,1537.22
11.0801,1534.71
11.4432,1534.35
14.0244,1542.75
15.9775,1543.83
14.5915,1532.26
17.3457,1541.53
15.6618,1544.48
15.3868,1544.89
15.9585,1543.35
13.6654,1540.05
12.5605,1539.66
12.005,1490.16
11.0971,1471.5
11.8997,1486.13
12.2672,1473.29
11.9861,1510.43
13.0747,1495.32
10.8785,1342.14
11.0218,1421.46
12.6708,1438.28
13.8534,1524.01
17.672,1541.75
15.8763,1507.17
17.0623,1534.46
15.8976,1489.03
17.044,1539.66
15.8783,1521.92
15.2648,1538.94
14.7995,1451.99
10.8731,1349.5
9.29179,1059.18
10.8511,1373.86
10.7677,1355.29
6.71706,367.652
9.84191,1138.94
10.1846,1254.78
8.74559,893.046
7.3287,474.893
7.7426,620.922
8.31974,760.18
8.82188,881.479
7.87,592.917
6.14274,328.64
6.73007,429.967
7.39442,493.288
7.5739,531.283
8.25018,724.586
8.25289,694.799
7.63383,536.526
8.41232,768.179
8.47642,784.783
8.06702,693.29
9.32492,1049.48
9.48763,1067.76
9.37283,1056.58
9.91385,1186.86
9.9543,1212.03
9.83613,1178.02
10.0413,1218.5
11.0118,1366.03
13.152,1526.44
10.1459,1210.05
9.48722,1122.3
10.0551,1239.87
10.3135,1281.94
9.71916,1199.1
10.0582,1235.58
11.6291,1486.73
12.0445,1500.87
11.3639,1481.16
11.223,1507.13
10.7502,1451.96
11.6541,1463.69
10.7754,1468.02
11.1515,1537.43
13.4743,1532.66
15.278,1542.75
11.8919,1533.57
13.8818,1542.55
17.0961,1542.84
17.3941,1542.84
17.68,1542.84
17.7327,1542.08
17.998,1543.52
17.8709,1541.61
16.5993,1543.46
19.7785,1543.38
20.3749,1542.08
18.8994,-8.94283
19.398,-5.86539
18.5684,-5.66778
16.8904,-5.546
20.2658,1543.45
19.9115,1541.68
20.1553,1528.23
20.381,1533.68
18.916,-8.90038
17.3017,-5.52502
18.4549,1543.06
17.5909,1543.71
17.5457,1545.14
19.0394,1544.78
18.8053,1543.55
19.2564,1543.44
19.6348,1543.72
20.6503,-9.10745
19.8572,-6.46491
19.7577,-5.70013
21.4856,-5.73562
21.2467,-5.73659
21.357,-5.59556
22.1057,-5.62953
21.9865,-5.83042
20.0661,-5.7411
20.9874,-5.77838
20.8554,-5.75577
21.026,-5.58332
21.0371,-5.65502
20.4,-5.76195
19.6399,-5.78214
20.9949,-5.79131
20.7229,-5.79129
20.3549,-5.59686
20.7929,-5.70197
21.038,-5.7913
21.2419,-5.79272
19.8372,-5.77829
19.8658,-5.79774
20.8108,-5.52962
21.376,-5.71613
21.5321,-5.7726
21.0675,-5.77762
21.4268,-5.77474
19.0532,-5.74099
18.1771,-5.40374
17.0387,-7.09923
19.6167,1536.37
18.3883,1542.12
18.1984,1546.07
17.9491,1540.37
16.5936,1545.06
15.6095,1525.59
17.3402,1545.12
16.8258,1540.75
18.725,1543.08
16.7364,1525.41
14.9909,1518.63
15.7046,1520.29
16.0626,1528.82
14.3449,1468.85
14.5735,1453.24
15.8514,1545.89
13.2298,1437.43
10.9045,1247.47
12.0914,1318.34
13.4285,1485.24
14.424,1468.74
14.5983,1450.84
14.3752,1465.94
18.3064,1531.02
16.5102,1485.71
13.309,1407.6
13.2135,1470.95
12.966,1506.37
9.36837,1018.9
13.4654,1460.74
15.0621,1528.48
14.9929,1500.38
16.6034,1526
14.5968,1506.7
16.1545,1515.42
14.4014,1514.63
14.3689,1444.99
15.6513,1524.9
15.1434,1510.8
19.2964,1523.88
14.5029,1522.98
11.154,1304.89
14.7113,1514.65
14.1145,1492.68
16.4816,1539.46
16.1346,1463.23
12.43,1470.18
13.7057,1533.71
12.4428,1449.6
14.083,1516.58
13.5645,1500.92
13.9191,1531.97
14.1634,1526.86
13.923,1531.24
13.0257,1521.13
12.5397,1497.55
14.8402,1532.29
13.7582,1536.34
14.1303,1531.58
13.5893,1517.63
14.0582,1531.72
15.7681,1539.78
16.9707,1541.57
17.0432,1542.99
16.9847,1538.44
16.9757,1542.05
13.5831,1518.63
15.6475,1536.85
17.2973,1542.68
17.5918,1543.73
17.5731,1542.93
18.4115,1537.37
17.0585,1539.9
17.4529,1537.52
17.363,1540.6
18.6801,1539.74
20.3873,1540.79
18.5848,-9.01172
20.2892,-7.79825
19.3689,-5.64289
18.5358,-5.62851
18.497,-5.52686
19.6285,-5.40373
19.2979,-6.32554
19.4455,-5.68518
19.6369,-5.71567
20.0865,-5.69305
19.8852,-5.63934
22.0403,-5.57197
22.8917,-5.78131
24.0758,-5.78156
24.7172,-5.80519
25.7035,-5.80104
25.4599,-5.67288
26.9066,-5.68255
26.9619,-5.83352
26.8014,-5.95182
26.6392,-5.86454
25.7491,-5.83889
25.3424,-5.66703
25.1145,-5.69688
25.5001,-5.91781
24.3517,-5.87786
24.0571,-5.85502
24.5216,-5.88861
23.2722,-5.63121
24.9095,-5.74034
23.2468,-5.87369
24.1075,-5.90277
23.395,-5.8507
23.8005,-5.81288
23.9218,-5.59478
22.8647,-5.78417
23.2781,-5.83615
22.3731,-5.85514
24.7506,-5.89919
25.5692,-5.89524
25.4834,-5.57667
22.6636,-5.89574
22.6195,-5.88974
21.6175,-3.3943
22.5937,-2.15934
23.7391,-2.14983
22.7626,-1.7654
20.917,-2.13004
22.7454,-2.17286
23.0482,-2.16103
20.3139,-2.15328
20.5316,-2.15331
20.6574,-1.76822
21.9893,-2.15048
22.8068,-2.22397
22.7053,-2.15889
23.3971,-2.1414
23.3074,-2.10228
22.5303,-1.79947
20.1858,-2.18057
22.4135,-2.20918
20.7843,-2.16936
20.3792,-2.17263
17.1605,-1.78677
17.3602,1543.62
18.4435,1535.33
21.4746,-5.51999
20.6992,-5.655
22.6625,-5.81175
22.9508,-5.70643
19.2012,-5.66948
19.0359,-5.76516
20.8378,-5.43483
16.111,-6.33966
19.187,1529.98
19.195,1531.63
17.9205,1522.08
23.0245,-5.7023
23.0478,-5.72316
19.022,-5.7393
18.3244,-5.6024
17.8911,1536.27
14.8554,1478.73
13.963,1427.52
16.8665,1542.17
17.9642,1493.17
17.3634,1482.89
19.9275,1542.42
18.7417,1506.59
17.1572,-9.03838
18.6439,1540.25
12.7483,1405.93
15.849,1478.29
12.4422,1404.03
17.4534,1541.38
16.8957,1499.8
18.0433,1524.1
14.5626,1520.86
10.9798,1324.33
15.394,1516.51
15.126,1530.49
11.6594,1369.85
13.424,1461.84
11.7172,1401.75
11.6766,1409.07
10.9221,1401.32
12.2633,1317.87
10.8608,1311.47
10.0338,1219.59
9.19445,984.466
10.5604,1245.07
10.9517,1358.13
10.5468,1349.16
10.3202,1257.73
10.5994,1336.23
10.4056,1360.42
10.9367,1417.88
10.5589,1353.81
10.629,1336.6
10.7225,1353.14
11.3013,1421.52
13.5241,1525.17
11.4715,1420.08
12.4173,1498.61
13.8404,1529.1
13.7508,1535.16
13.1867,1521.41
12.8447,1514.81
13.1403,1528.62
13.6447,1538.82
14.0342,1539.05
15.8151,1542.17
14.4057,1536.33
14.1384,1507.5
13.1257,1477.77
15.6605,1539.34
14.7975,1528.98
14.4565,1533.22
12.7847,1518.67
14.8884,1535.96
14.4992,1530.74
13.7189,1525.53
12.1533,1488.81
11.9832,1522.89
11.3877,1492.1
11.2696,1403.13
11.0097,1466.89
11.3552,1502.25
12.2892,1520.44
14.329,1538.75
15.5213,1524.07
13.643,1531.97
12.2569,1527.36
11.5859,1508.13
10.5892,1397.17
10.8781,1402.29
11.2055,1433.83
13.2718,1496.2
14.7111,1513.43
11.5517,1424.07
12.7793,1520.5
13.2211,1542.01
14.1384,1542.39
14.5489,1543.77
13.9817,1535.43
14.5004,1535.82
15.0293,1539.34
16.4658,1542.36
17.0634,1541.62
17.3878,1542.9
16.7057,1542.33
15.6274,1542.87
16.9081,1544.46
18.9061,1544
19.2707,1543.85
15.962,1537.93
14.8338,1535.52
14.7667,1541.91
14.9973,1543
13.2547,1544.05
13.418,1541.65
15.0413,1542.9
14.984,1541.34
14.7379,1541.2
13.6322,1542.16
15.8901,1544.74
15.4075,1543.59
16.6336,1543.78
15.1115,1537.74
14.8823,1543.57
12.957,1543.15
11.9891,1516.5
12.5283,1516.94
12.7482,1535.3
11.589,1467.18
11.1352,1427.09
11.0712,1427.47
11.3579,1404
13.0687,1501.49
13.0832,1467.69
14.3734,1505.2
14.9667,1519.67
16.5642,1524.92
19.1166,1543.17
16.9209,1539.82
14.4088,1507.04
13.1805,1470.86
10.6305,1358.74
12.0673,1427
10.8699,1355.07
10.1835,1237.98
8.46517,770.385
8.8853,924.399
8.79975,887.334
9.48726,1103.28
8.35385,773.612
9.12169,1020.88
10.6946,1337.57
9.07929,957.921
8.59954,827.151
8.74563,854.242
7.69499,576.979
9.09646,1003.04
11.2115,1335.16
10.2823,1206.02
9.08024,974.794
8.58834,855.263
9.2489,1048.2
8.70883,842.341
7.62201,586.69
7.64997,623.404
8.94304,921.173
10.5502,1386.25
10.3837,1222.07
8.45182,782.722
9.04633,975.607
8.38411,768.035
7.65745,585.133
8.44651,778.046
7.55642,547.67
5.73554,219.313
7.73234,569.164
6.69809,310.705
8.57402,814.085
7.50217,569.657
3.68889,-9.51055
1.98943,-1.95795
3.17847,-1.86757
3.37696,3.19536
3.42028,-6.32275
3.57602,9.50096
3.39647,-2.00636
4.16847,57.8535
4.34735,77.641
4.28674,49.743
3.13895,-6.47151
4.23619,-7.3786
4.00888,-2.35776
4.26427,82.6258
2.95001,-5.40052
3.31563,-2.14941
6.26376,328.373
6.84786,380.613
6.13984,270.332
5.80294,222.319
4.78399,107.478
4.30904,71.0293
0.93486,-2.25161
0.620836,-2.01288
2.13598,-2.06485
3.51942,40.8269
2.7509,-6.47876
2.29594,-1.91954
2.96017,-2.3306
1.97568,-2.35212
2.08522,-2.1603
1.47159,-2.03276
0.953241,-2.06136
1.82545,-2.18881
2.16995,-1.86872
1.63356,-2.17364
2.84666,-2.9047
2.09396,-2.26371
2.83467,-2.69926
4.54821,99.448
4.71592,103.117
3.33465,23.2736
2.83661,-5.54663
2.82517,-6.05107
3.02461,-5.83336
3.15923,-5.63919
3.78031,45.151
4.73598,108.206
5.1027,131.867
4.91023,117.455
4.75171,109.525
5.33754,160.099
5.38322,167.087
4.85667,124.028
5.20431,142.282
6.50129,355.528
6.58075,342.732
6.9278,392.477
7.07345,410.566
8.00956,603.92
8.10204,681.036
7.02939,388.565
7.36878,417.735
6.84807,374.775
7.05312,397.854
6.73006,334.502
5.80973,216.678
5.08283,133.148
4.14233,65.427
3.49936,30.5383
2.11871,-2.63707
1.4321,-1.95158
1.52705,-1.95397
1.38158,-1.9527
1.27023,-1.93874
1.97819,-1.66412
1.60559,-1.96026
1.09173,-1.9669
1.63849,-1.95574
1.88363,-1.98633
2.2177,-1.91655
3.00533,-2.63702
3.97755,50.843
4.21376,65.9537
4.37186,57.4529
2.11801,-1.98342
2.33377,-2.01066
4.57496,-2.58748
4.70819,93.2843
3.37044,8.94295
3.52205,-2.41431
3.93679,-2.79125
5.00848,117.972
3.70356,10.8001
3.69062,-7.29012
3.32714,-6.30906
3.65006,54.8105
3.13614,-7.26457
3.94834,-5.33552
6.0035,226.97
6.20253,263.857
6.84203,356.477
6.70769,327.183
6.52944,270.696
6.46731,263.851
7.35342,402.778
7.82287,514.946
6.75841,350.764
6.25504,257.9
8.4863,833.092
8.65974,883.299
8.36731,792.31
8.07925,708.878
8.35235,757.175
8.72915,899.462
8.44112,788.643
8.06841,675.129
8.10665,693.741
8.37049,793.551
8.15177,730.863
7.88952,673.915
8.22237,746.951
8.48857,807.281
8.06289,677.167
8.80777,921.941
8.44765,833.57
8.27877,750.145
8.05637,702.115
7.96173,639.113
6.69213,407.509
7.35108,493.275
7.34973,450.766
7.60738,540.111
7.21784,427.726
6.34572,297.176
6.65637,309.03
6.02199,243.826
6.2442,278.026
6.23887,258.304
5.62927,181.095
5.39868,160.847
5.16062,128.552
4.68096,102.967
4.63308,101.868
4.7083,122.17
4.17039,54.4625
3.58237,24.5113
3.56924,-2.30314
3.58576,39.7729
3.65227,29.4456
3.23418,-2.64789
4.01008,-3.1485
3.49766,-3.13313
3.79279,34.3031
3.37457,-4.94
3.29231,-10.6174
5.1915,127.931
5.11033,104.704
4.61147,95.8542
5.26489,143.069
5.09315,150.503
6.66379,370.807
5.10885,152.452
5.43867,156.445
4.44725,62.9757
4.28548,-6.73673
4.05996,55.1592
5.07158,124.926
6.83473,371.505
6.64717,377.279
7.82641,604.733
8.12351,722.47
7.47505,550.432
7.23471,516.349
8.26133,734.269
8.24354,749.696
8.32506,757.769
7.65395,622.941
8.29291,762.148
8.27472,820.795
7.84247,690.408
7.84258,615.396
7.74343,617.039
7.30413,485.704
6.63641,364.175
7.42365,561.252
7.73115,685.504
7.48653,578.932
8.348,817.929
8.84487,923.788
10.819,1390.34
10.6403,1409.68
10.8586,1507.11
9.19622,1149.43
8.56248,789.629
9.22619,1066.72
9.32477,1071.63
9.45545,1114.68
9.65479,1198.86
9.30381,1140.77
9.13266,1065.73
7.77664,649.737
8.10357,668.577
7.13551,510.09
6.24921,282.609
4.93797,142.67
5.22681,170.351
4.65928,119.561
4.61464,96.3546
5.0033,145.134
4.49626,86.664
5.22929,156.456
4.65446,110.569
5.38125,167.727
6.14169,251.565
5.71649,214.946
6.00309,227.109
5.44656,181.866
6.62914,301.107
7.47086,433.422
9.74472,1142.02
9.28092,1007.46
8.09424,696.774
6.68163,352.582
3.36898,-7.35299
8.56139,786.358
7.88171,612.758
5.70946,209.043
6.89574,450.075
8.9096,962.682
10.6413,1407.57
10.821,1499.28
10.0926,1403.1
9.97732,1370.63
9.84847,1288.52
10.2677,1331.44
9.60376,1070.26
11.4399,1499.45
9.73104,1311.79
9.1777,1027.54
9.74544,1195.11
8.92543,1039.53
9.67086,1251.87
8.7336,922.153
10.4628,1444.29
11.2454,1543.23
12.5703,1545.19
15.3522,1544.01
13.8584,1539.05
14.1466,1543.28
12.933,1542.96
13.625,1542.93
12.1617,1545.2
14.038,1544.02
13.9138,1544.2
11.6764,1543.08
12.0196,1545.12
15.5511,1542.03
13.0619,1543.57
10.4942,1455.94
9.13342,1138.03
9.82036,1344.16
9.71997,1350.77
9.56111,1245.8
8.74092,956.202
10.3173,1364.08
10.1503,1326.6
10.9716,1445.61
10.408,1414.61
10.5069,1450.75
10.1333,1342.33
9.47348,1224.8
7.07362,463.729
5.95922,233.92
6.63206,316.95
9.03019,1047.93
9.69983,1249.43
9.38336,1183.87
6.69646,408.798
4.65846,121.765
10.5562,1365.86
10.7804,1382.25
11.4212,1475.36
12.127,1504.35
11.3596,1475.58
11.0721,1503.89
10.7521,1466.63
11.1358,1484.19
11.9854,1506.91
10.8646,1489.98
11.5332,1474.71
13.0318,1532.97
12.4684,1524.3
13.1321,1543.59
15.711,1544.73
13.8604,1544.85
14.9896,1542.62
17.3132,1543.11
17.5721,1541.85
18.3135,1543.85
18.4036,1539.42
19.9376,1543.99
18.8743,1543.86
19.0969,1544.05
19.4574,1541.75
19.0889,1540.95
18.4428,1543.27
18.0539,1545.16
18.7944,1545.84
18.0572,1543.28
16.9286,1545.83
16.6398,1542.67
15.3856,1540.64
16.2995,1542.45
17.6281,1541.47
17.4443,1540.11
17.8735,1542.29
18.8443,1541.58
14.9179,1503.51
14.3829,1501.27
13.5959,1487.47
16.0888,1536.39
18.3444,1519.69
13.5832,-9.02852
16.6973,-9.20459
15.8405,1501.23
16.7731,1508.88
14.8073,1464.57
18.6929,1527
18.3659,1535.33
20.3887,1539.67
21.7743,-9.15517
19.5636,-6.22122
19.2384,-5.83409
12.1002,-6.03425
15.4356,1459.7
18.7988,1528.75
14.3994,1455.27
14.849,1518.71
17.9483,1524.12
17.1931,1539.72
11.8122,1460.89
17.2165,1460.32
13.9768,1475.29
12.4317,1452.09
11.8143,1305.62
13.0407,1482.12
16.6313,1541.27
13.3531,1516.16
15.5909,1537.35
14.0002,1473.8
12.58,1480.43
16.4898,1527.23
15.3852,1492.66
16.9851,1542.02
14.6852,1533.23
15.6468,1539.31
17.1617,1541.43
16.0057,1528.36
14.9031,1540.77
17.5696,1541.8
13.2018,1515.5
20.3352,1542.19
19.9294,1540.2
16.762,1521.26
16.4314,1518.78
17.0603,1518.29
18.7654,1543.27
14.5913,1542.1
11.6859,1462.18
10.5212,1380.24
11.0229,1492.11
12.458,1539.27
13.7354,1537.11
13.3472,1541.71
12.9457,1505.48
14.3896,1541.84
14.1993,1537.78
13.1703,1501.03
10.8023,1418.05
13.1797,1540.6
13.8481,1543.31
12.8097,1539.7
9.2042,1051.95
7.81161,677.168
5.46378,164.852
2.29305,-9.78342
2.77586,-9.76396
6.93827,377.918
6.60969,349.119
5.54496,212.255
5.5714,219.245
5.2938,172.322
4.81701,142.929
3.00152,0.192786
2.93308,-6.90035
3.26829,24.2254
2.40748,-2.16463
3.06762,-2.32519
4.99168,129.977
6.25555,284.357
6.12229,273.289
5.63663,187.135
5.12217,119.051
4.85365,107.837
5.59545,162.55
3.97451,61.6177
3.64023,28.5674
3.27358,16.5154
3.23431,6.46815
2.94784,-2.23592
2.1575,-11.0811
2.20852,-2.04757
2.85138,-2.21563
2.6033,-2.39053
3.04856,-2.08421
4.32473,76.4367
4.07209,60.0715
4.05916,61.9774
3.97666,55.7492
4.28426,80.1839
3.62507,29.6019
4.59744,84.2263
3.7738,50.7295
3.57543,33.2227
3.21954,17.9077
2.76494,-13.4348
2.46061,-6.20272
2.03032,-4.09545
1.7227,-2.05753
0.890494,-1.96949
1.66146,-1.99941
1.74586,-1.99938
1.88534,-2.07612
1.08128,-2.25261
1.86627,-2.0306
2.32988,-2.01527
1.25611,-2.05404
2.09772,-2.05587
2.56548,-2.67083
1.89243,-2.00949
2.60816,-2.5044
2.63922,-2.64471
3.03428,-2.46871
2.94689,-2.50016
2.28124,-2.13837
2.15535,-2.3336
2.90166,-2.4182
2.84377,-1.97664
3.5093,-3.63352
3.54501,20.1752
3.5499,37.6539
2.79462,-3.99342
3.08101,-3.16696
3.45622,10.7336
3.24556,19.8724
3.86621,50.1586
3.70624,41.3712
4.04445,61.5581
2.91984,-1.98798
2.74414,-6.30886
3.62925,-5.87295
3.59356,0.538883
3.33626,-5.45856
6.55789,262.729
5.50008,186.333
5.2158,163.17
3.93457,57.2384
3.95467,50.9649
2.78767,-6.52838
2.45422,-6.74079
7.40371,585.95
5.46141,165.266
6.3982,326.31
3.84433,24.5397
4.54346,63.1603
5.98407,268.562
4.68171,117.341
4.8335,121.021
6.36262,301.427
7.14891,464.446
5.5336,228.852
6.09623,307.933
6.47528,293.713
5.57296,208.131
4.47112,87.3685
3.66418,27.9826
5.58425,163.482
6.52366,351.825
5.66944,215.119
6.02001,246.402
6.87204,409.317
6.40917,308.918
7.14061,443.527
6.28133,305.003
7.7874,639.35
7.24241,486.436
5.75147,250.46
4.87952,115.464
5.60558,179.437
6.71398,360.874
6.91894,395.417
6.6033,375.943
5.97382,259.435
6.07031,262.316
6.26106,302.048
6.3832,285.791
6.82252,393.799
6.87426,372.491
7.33907,446.932
6.96801,418.671
7.08649,415.38
8.96271,933.08
6.90462,395.901
6.01531,255.779
6.35263,333.22
6.53417,343.902
5.6457,207.702
7.06756,425.614
7.08411,458.003
9.4633,1247.79
7.69143,638.012
7.97251,746.497
6.9427,457.672
6.61266,354.181
6.28328,309.579
5.97546,281.014
6.08526,252.816
4.53333,116.403
6.19177,293.805
6.5388,332.908
5.85363,232.14
6.83615,337.288
5.98923,222.768
6.21103,246.144
6.62505,408.208
5.33368,158.794
7.13872,473.879
6.80538,376.587
6.37309,311.778
7.66864,607.438
8.19509,788.741
8.16598,786.25
9.28421,1160.12
8.95981,1034.44
9.15851,1160.75
9.05488,1061.27
8.53076,887.386
8.03018,761.724
7.81893,659.378
8.47751,888.365
8.34742,811.048
8.2691,820.378
8.76292,992.935
8.72357,951.062
9.15598,1147.02
9.45422,1174.19
9.56553,1133.97
9.85178,1307.4
8.45986,812.753
9.69931,1306.14
9.08821,1084.83
9.38171,1034.71
9.39926,1206.23
8.72143,955.259
8.9449,1045.67
9.26079,1171.1
8.86087,1020.43
8.55606,906.079
8.89073,1066.91
9.16789,1027.23
8.83594,1016.9
8.16389,784.454
7.71961,649.148
8.92335,1064.99
6.90135,458.254
6.85097,420.82
7.30346,549.995
7.86074,686.994
7.77258,619.329
7.07311,503.025
6.77145,396.763
7.1966,545.776
7.58188,566.063
7.00658,465.257
6.51261,375.646
5.19265,153.356
6.2013,259.171
5.7718,195.745
6.52081,347.946
8.52454,903.954
8.48513,880.004
8.45346,865.766
7.89469,655.495
8.12696,763.381
6.8284,430.649
6.27691,310.961
7.28976,490.566
6.35114,309.043
4.81951,97.6108
5.66628,200.918
5.72232,182.173
6.10091,262.995
6.75161,355.275
5.8043,188.712
6.96513,386.411
7.27153,494.815
5.38339,158.512
6.14239,255.808
5.76828,205.947
4.642,116.903
2.26798,-6.60153
3.01005,-3.80761
2.92077,-3.93479
3.05414,-3.84261
2.77247,-2.19178
3.3632,-2.1616
3.16395,-3.87436
4.21127,30.8754
3.04206,11.5848
2.7814,-2.43628
1.71569,-2.04954
3.76877,14.658
4.45866,99.5998
3.80329,51.7667
3.44073,-3.08694
3.82267,8.67548
3.13607,-3.09247
3.94957,7.69631
3.7217,31.7289
3.99085,34.0435
3.28684,-6.4659
4.84588,85.7582
5.58023,179.806
5.73221,215.456
5.39142,158.841
5.68406,234.764
6.57219,329.543
5.62216,229.222
5.19916,147.207
4.66248,122.693
6.55552,328.972
6.00469,264.625
5.61339,208.775
5.40776,173.579
5.7803,213.676
6.03948,270.47
6.71825,352.91
6.61218,367.398
5.43339,191.294
5.96295,233.499
6.91184,380.553
6.88683,420.861
6.40508,328.363
6.97786,377.261
6.28165,300.28
6.99105,411.479
7.07618,448.059
6.89776,394.406
6.31736,272.98
6.66823,362.674
6.7604,354.446
6.36468,303.971
6.34639,299.341
6.41037,306.476
5.65883,197.428
5.52332,164.241
5.66556,186.542
5.59253,201.289
4.67851,98.0614
4.78802,102.61
4.81918,75.4085
5.21304,136.885
4.62388,81.7956
3.98989,49.8191
4.34135,68.0609
4.26656,64.4006
3.88314,26.5045
3.69877,-0.927239
3.59986,24.362
5.7594,243.766
5.18936,192.57
6.032,299.576
5.24318,153.969
4.4843,108.928
4.57533,100.504
4.61791,87.3829
4.04237,59.092
4.13356,82.5817
4.70207,112.501
4.30974,87.2382
4.83161,124.324
5.13871,143.063
5.00357,148.164
4.81672,137.206
4.74725,116.143
4.66424,113.864
4.26049,72.1087
4.67423,87.4743
3.98752,59.835
3.86814,10.3875
4.22016,48.9603
5.00887,143.583
4.90449,141.622
5.09331,163.882
4.46047,90.8723
4.16054,69.0391
3.85023,52.5458
3.95528,60.3452
4.77592,118.331
3.49273,20.5418
2.6519,-4.96784
2.17999,-5.5399
1.86009,-1.97369
2.59937,-4.14444
1.96706,-2.69549
4.18408,8.244
2.46936,-9.44868
1.42226,-2.19937
1.70876,-1.99464
2.87771,-2.05886
3.32443,5.97735
3.84468,49.4297
4.02786,13.5665
3.82263,50.0561
3.91526,58.6267
4.15126,73.1319
4.52659,76.7787
4.184,65.4545
3.49069,17.6032
3.41798,25.8237
3.48015,17.6263
3.34601,22.4968
3.27123,-1.68941
2.24193,-5.35948
3.84156,14.9628
3.08979,2.83845
4.37037,78.1548
3.7595,42.6245
3.60376,-12.6776
1.52197,-4.81012
0.917256,-1.98068
2.20538,-1.96172
3.03002,-2.62904
3.48297,0.786014
2.67088,-0.57125
1.56181,-2.30076
3.18365,-2.47625
3.97726,30.0893
3.30492,-2.98389
2.38108,-3.42674
4.06186,12.7421
1.68416,-2.31372
2.2811,-1.9743
1.41497,-1.99033
2.07792,-1.97872
1.47511,-2.01091
2.16421,-1.86576
2.09022,-1.77649
3.289,-3.37526
3.88983,18.5835
4.00935,62.6446
3.87408,59.6568
4.87227,127.324
4.859,115.904
5.10078,121.994
5.02728,128.193
5.12972,124.114
3.99871,33.5603
8.29808,839.033
8.73826,948.506
6.21968,342.267
3.25323,-6.09182
2.19542,-5.61317
2.67625,-6.44144
1.82529,-6.49041
0.101787,-2.45516
1.70799,-2.09138
1.74444,-2.18118
0.547002,-2.10073
1.13884,-1.91669
3.55129,-0.369202
3.91124,67.881
4.20091,80.0042
3.43867,42.4827
3.85992,21.0166
2.92197,-2.34234
3.88661,11.8253
2.518,-9.58324
1.53272,-3.46284
2.21353,-2.179
0.763757,-3.48132
1.39103,-2.10786
1.75821,-1.98122
1.68241,-2.12362
0.82173,-2.10021
0.555886,-2.0393
3.15077,-2.91871
2.8313,-3.54166
2.86043,-3.19532
2.5086,-3.47198
2.4488,-1.92194
2.17091,-1.83423
2.3005,-3.37691
3.17972,-4.24343
2.60494,-4.26446
2.28615,-4.6188
2.47993,-2.46447
1.53226,-2.02447
0.886366,-1.99658
1.4265,-2.01495
1.21012,-2.02428
0.643071,-1.77116
0.492569,-2.05594
1.17633,-2.14481
2.09466,-2.16062
0.671617,-2.10562
1.17112,-2.06072
2.33916,-1.8044
2.82836,-4.59595
1.6735,-3.40719
1.4346,-2.19033
2.21392,-1.74963
2.56771,-3.49487
2.60163,-2.26152
4.14344,19.4963
4.54483,103.898
5.83783,218.439
4.00386,6.36989
5.93954,234.757
5.84062,206.166
5.89118,247.54
5.69243,235.623
4.66958,119.724
5.08885,156.096
5.28596,179.113
6.09919,276.362
6.54205,335.936
6.28059,301.195
5.30352,177.788
5.07606,150.42
7.31488,525.832
6.7836,391.374
8.03337,713.458
9.00525,1025.38
7.68204,657.638
7.1551,528.398
6.84206,466.938
8.72112,925.727
9.06996,1053.51
8.89897,993.26
9.01948,1065.66
8.22781,756.537
8.44705,867.407
8.59603,945.299
8.44018,922.397
9.72567,1366.75
9.35856,1261.32
9.10112,1103.25
8.02805,708.073
8.08252,730.274
8.45487,874.908
9.20023,1157.36
8.28754,842.022
9.12959,1151.07
8.21029,767.799
8.05402,710.44
7.60981,578.648
7.55637,627.905
7.79178,694.294
8.29992,809.5
7.71098,635.398
6.28912,374.436
7.55309,533.996
6.84911,411.165
7.2368,449.124
6.62994,336.893
5.95054,242.392
6.24173,283.29
7.27366,490.269
7.53603,538.167
7.17752,514.857
6.08851,235.254
6.77398,413.768
7.8486,633.506
9.28352,1136.87
8.89923,1064.77
9.02445,1046.24
9.09626,1082.06
9.15869,907.795
10.672,1354.35
8.43982,782.551
8.61974,890.899
10.2731,1229.8
16.1542,1512.08
11.4032,1543.69
11.4367,1483.64
12.5198,1509.37
10.3044,1316.67
11.7349,1416.25
10.1048,1354.47
8.78283,917.88
6.92717,421.466
6.19679,291.501
5.5976,189.672
5.25321,148.922
6.27794,267.885
7.11718,472.046
7.50041,522.791
7.2518,497.437
6.24749,307.569
5.48017,193.435
5.44193,175.598
5.30285,145.021
5.04282,157.102
6.15429,284.893
6.26394,319.819
5.1272,158.112
5.29339,183.44
5.38865,169.051
4.8767,103.197
5.01384,135.066
5.29161,173.434
4.21278,63.0755
4.72457,102.56
4.89185,133.034
4.98492,158.575
4.69655,129.33
4.86467,141.14
5.19326,167.715
5.30402,162.771
4.68696,109.489
4.76356,120.912
4.16946,71.1595
3.85752,53.7785
4.13585,72.346
3.5574,42.8703
3.48024,42.0949
3.08355,16.2875
2.53628,-1.56271
1.97644,-1.94804
1.73498,-1.96543
1.49496,-1.90633
2.36597,-1.73318
1.84534,-1.96019
2.0042,-1.98181
2.42281,-1.98898
2.35891,-1.9995
2.61993,-2.32378
2.19294,-2.06518
3.44413,-1.42097
3.78133,56.6576
3.60197,47.943
3.57566,32.4018
3.79197,33.4401
3.73655,28.0552
3.51629,23.0089
3.72486,37.9901
4.17152,66.2499
2.69702,-3.64079
3.27673,15.068
3.965,71.7296
3.9597,70.9491
4.05026,53.3949
3.3074,17.1451
3.25518,11.2685
2.63882,-12.1938
2.05907,-5.45772
2.50022,-5.23497
3.42158,-7.05842
4.42729,75.1689
4.19483,88.0004
3.99888,70.2654
5.39118,189.467
4.5885,146.093
5.8025,234.327
6.18118,347.489
4.30085,115.47
6.06255,341.775
6.9826,463.019
6.91319,424.048
7.51514,545.286
8.2685,652.379
8.32633,714.646
8.31277,758.716
8.07879,690.301
8.1865,716.178
8.48829,849.094
8.6572,901.024
8.49526,831.155
8.10049,735.368
7.8104,629.184
6.64984,338.616
6.37889,322.038
6.02594,262.576
5.73861,233.087
5.37521,174.542
5.67818,202.422
6.72792,373.636
6.78986,389.516
7.04856,450.367
7.10548,436.078
7.04154,449.528
4.37175,80.361
5.85373,212.68
5.94207,231.964
5.06414,148.883
4.69251,115.474
5.4493,187.088
5.6138,185.585
5.23762,134.995
4.44436,35.5592
5.72416,232.231
3.75146,3.96149
6.69273,374.826
6.66493,340.33
6.3502,333.425
7.16542,461.721
7.34858,513.224
6.53548,358.388
6.70213,303.002
5.09257,149.58
7.29825,465.212
7.61348,542.686
8.73309,814.311
8.16126,785.821
7.41842,526.307
6.80173,399.9
7.72903,628.861
9.39669,1045.84
8.97539,963.749
8.1121,711.527
9.34583,1076.93
10.1199,1214.64
9.88954,1239.88
9.78038,1236.65
9.26257,1024.95
8.3862,752.497
8.2585,751.905
8.14192,711.842
7.32849,526.179
9.30191,1075.7
9.8359,1200.86
9.13583,1019.08
9.0135,994.104
8.6279,845.319
8.91099,942.099
8.75333,901.2
8.4972,790.721
9.17806,1034.96
8.00095,697.251
8.93751,971.659
9.18197,1040.62
8.72695,909.514
9.20445,1050.69
9.40228,1098.86
9.22826,1037.65
9.6349,1203.31
9.6204,1167.55
10.0155,1321.86
9.96565,1259.82
8.76738,933.523
8.99779,990.208
9.5831,1152.06
9.07903,1003.13
10.4521,1424.95
11.9512,1530.58
13.5868,1533.45
14.4194,1517.26
14.3217,1539.59
14.3761,1534.37
12.1208,1488.9
11.1465,1463.42
11.1885,1490.28
11.3903,1492.98
12.0352,1546.52
12.8575,1532.98
11.8542,1483.99
11.4751,1478.02
11.8769,1478.52
13.1036,1533.19
13.3613,1539.79
15.4966,1549.71
15.8251,1547.58
13.1681,1536.9
20.792,-8.9365
22.0205,-9.04891
22.8971,-8.20206
22.3455,-5.66989
21.9861,-5.52028
21.3985,-5.59681
21.7958,-5.70179
23.0615,-5.71713
21.3631,-5.76218
20.8404,-5.63013
21.9012,-5.43261
21.8498,-5.62958
20.2274,-6.14846
20.7509,-5.68692
20.728,-5.6571
20.0462,-5.65651
20.7379,-5.34045
20.9839,-5.65438
18.4156,-5.77733
18.1562,-6.11942
18.4555,1530.26
18.4642,-5.46574
20.5473,-5.76844
22.1216,-5.81379
22.8175,-5.89765
24.2297,-5.96137
21.6941,-5.85477
22.3797,-5.52758
21.1157,-5.79612
20.4958,-5.83511
22.0223,-5.85231
22.0702,-5.84102
22.2871,-5.79916
20.7255,-5.5445
20.8368,-5.76856
18.3574,-5.96766
19.1953,-5.70149
21.4916,-5.80002
19.9117,-5.76092
21.8228,-5.80519
24.0354,-5.8498
24.1846,-5.62147
22.89,-5.9284
24.3058,-5.8454
21.0778,-6.23297
23.3297,-5.86844
22.045,-5.80079
23.3695,-5.54043
18.4133,-2.82269
20.2016,-2.75769
20.0698,-2.00957
18.9549,1540.92
17.0101,1525.68
20.2923,1506.16
21.095,-5.4977
21.0187,-6.11209
19.7965,-5.53055
19.8797,-5.55251
21.2175,-5.68384
20.6212,-5.6266
22.3312,-5.6688
20.7715,-5.74932
21.977,-5.30911
18.3312,-5.74866
21.2382,-5.20812
20.0586,-5.67548
18.5615,-5.74795
21.2599,-5.60562
22.933,-5.72062
21.9986,-5.59486
21.3741,-5.50678
19.5586,-5.62575
23.5532,-5.70773
21.742,-5.68906
21.3658,-5.67397
18.7361,-5.68242
17.8369,1541.01
19.5787,-5.34591
23.0395,-5.48291
19.8756,-5.67788
18.9767,-5.59692
18.1185,-5.29331
16.6721,1544.07
20.0084,1544.85
19.4998,-8.60058
21.3812,-5.40442
22.1543,-5.48582
22.7084,-5.60196
22.8529,-5.6152
21.124,-5.58678
20.273,-5.66734
18.6269,-5.38822
19.7461,-5.55167
21.2341,-5.57972
21.417,-5.57209
20.8024,-5.33462
23.1016,-5.67225
23.582,-5.6968
22.6775,-5.66663
23.3792,-5.68668
23.271,-5.73957
24.6528,-5.48838
24.0313,-5.80908
24.7272,-5.75428
25.1783,-5.87729
22.1684,-5.71352
22.1161,-5.686
22.6229,-5.48075
22.8223,-5.75555
24.2115,-5.75363
24.5706,-5.77688
23.7597,-5.76763
22.4442,-5.62334
22.4866,-5.34443
21.7896,-2.0667
21.6999,-2.04421
20.9311,-2.07467
20.7383,-1.87794
21.516,-1.85804
21.8936,-2.15542
21.6055,-2.20633
22.5495,-2.20864
23.1472,-2.05292
23.1044,-2.25649
22.4894,-2.36873
22.7718,-2.21702
23.4595,-2.22611
23.3262,-2.02528
23.6988,-2.30335
23.9753,-2.37156
23.2025,-2.39714
23.5005,-2.04877
22.2848,-2.34176
22.8666,-2.40092
20.8419,-2.40848
18.8959,-2.12934
18.9921,1548.76
19.8347,1546.01
22.8734,-6.06675
23.8783,-5.64887
22.0371,-6.04767
21.5684,-5.80012
21.2785,-5.90478
19.2543,-6.00947
12.6666,1443.7
11.5203,1352.81
16.0124,1531.79
11.2768,1371.6
14.3351,1538.31
11.2509,1444.19
11.062,1339.8
11.7579,1369.5
15.5754,1475.83
16.109,1541.25
11.9408,1485.13
12.6522,1541.77
13.9139,1528.31
13.3563,1531.05
10.7632,1295.2
13.6121,1539.61
12.6368,1512.49
12.3567,1486.7
13.0884,1542.38
11.5623,1517.49
11.7548,1468.16
10.5145,1373.29
9.56058,1162.51
10.0937,1195.79
8.9211,882.853
7.97488,653.411
9.80081,1173.74
7.31499,425.818
8.26138,667.553
9.90789,1202.48
9.24697,1006.95
9.11581,937.424
7.94189,641.461
7.73432,605.224
8.53864,822.612
8.84937,919.155
8.81633,894.368
7.97988,633.091
9.12556,935.982
9.15869,985.058
9.43122,1030.68
8.0917,663.111
8.72529,892.375
8.97497,990.15
8.78892,891.745
9.1977,1009.85
9.00811,920.882
9.73193,1170.22
9.55408,1123.85
9.07331,998.25
9.27183,1074.22
9.05318,1058.35
7.73,591.971
9.1364,1005.79
10.6298,1366.49
10.5553,1409.49
9.54159,1155.17
9.61526,1109.79
9.01351,975.464
8.75886,877.792
11.3949,1417.36
10.6384,1423.17
10.394,1351.19
9.33276,1103.87
9.98574,1291.09
9.48884,1147.52
8.47289,833.173
10.0504,1266.5
9.59307,1163.9
9.87199,1247.82
10.2251,1316.02
10.6653,1424.37
10.6079,1400.73
10.8721,1463.1
12.5878,1522.46
12.3448,1519.58
12.5051,1508.88
14.199,1532.48
14.804,1538.58
14.5916,1539.63
16.5554,1541.21
16.8,1542.61
16.3685,1544.75
18.2294,1541.15
20.3992,1540.74
20.265,-8.86522
18.9919,-5.54826
18.1903,-5.29079
20.8621,-8.91614
18.9845,-7.0046
18.6649,-5.56313
15.8965,1546.11
14.9119,1539.05
13.8326,1525.73
14.9181,1525.91
13.2131,1539.89
15.7391,1540.83
15.699,1531.78
14.1737,1539.92
14.8331,1542.65
14.5147,1539.16
16.2182,1544.35
19.0845,1544.93
18.6613,1544.27
18.3888,1543.77
16.9682,1543.67
17.2049,1542.6
18.4199,1541.98
18.8857,1544.32
18.7811,1553.28
19.3612,-8.95069
18.8349,-8.9675
19.9884,-6.3811
19.4231,-5.64891
19.9375,1545.28
17.9634,1532.18
18.7454,1541.22
19.071,1542.01
19.4871,1537.45
17.1036,1538.16
19.5278,1544.62
18.3834,1539.73
18.2728,1536.15
17.8928,1537.04
18.7292,1541.92
17.0816,1526.91
17.2933,1535.06
19.0801,1534.43
17.1958,1516.41
18.4402,1533.36
20.2131,1543.48
18.9036,1544.16
17.6893,1529.15
16.1543,1515.52
15.8144,1520.48
12.8451,1438.24
12.2142,1322.03
11.2046,1388.19
13.1816,1425.49
16.0608,1494.08
18.9061,1521.24
17.8571,1499.21
16.1349,1511.11
18.2038,1486.89
18.079,1523.3
17.3159,1526.73
19.5084,1523.17
17.2602,1534.99
15.2081,1483.91
12.8394,1460
15.3928,1528.67
16.0017,1502.17
10.5727,1247.69
14.3839,1494.26
17.0194,1542.23
16.0494,1528.32
11.9269,1365.35
14.9511,1466.9
11.5563,1366.83
14.7696,1534.25
16.2608,1538.67
10.4104,1301.98
12.6322,1407.83
12.7705,1461.8
13.5742,1491.94
14.6426,1531.97
10.1068,1241.43
11.4846,1410.14
10.4147,1259.79
12.0591,1449.73
15.0891,1534.16
12.0794,1507.94
11.9748,1491.47
10.096,1196.61
13.517,1496.42
10.3741,1201.15
12.1594,1398.83
14.4567,1494.76
10.635,1324.96
11.2826,1394.6
10.9163,1391.65
10.7009,1231.97
11.3481,1380.55
10.9625,1226.05
12.6887,1506.44
11.6156,1437.24
10.6887,1339
11.22,1395.85
10.8706,1426
10.7576,1423.99
11.7742,1505.35
12.27,1533.23
13.5645,1537.4
13.5607,1519.64
14.0773,1495.84
14.1651,1540.96
13.8482,1530.47
12.7945,1534.57
13.462,1537.41
12.7446,1529.77
13.0756,1520.47
12.3294,1494.69
11.0161,1467.03
11.3292,1505.17
11.454,1515.92
12.4032,1541.46
12.1267,1525.7
14.2316,1542.02
13.004,1540.82
12.2586,1533.68
10.7561,1474.37
11.0107,1402
12.9382,1510.69
16.48,1542.72
20.0885,1542.77
18.949,1543.89
16.0733,1528.2
15.5116,1541.84
17.8298,1544.87
19.0949,1544.26
17.6273,1541.79
16.652,1542.68
18.1846,1544.81
18.3756,1542.11
20.225,1540.55
18.9886,1543.78
19.5788,1540.76
18.3727,1544.69
17.3415,1544.06
14.8291,1541.23
14.8331,1538.05
16.5573,1537.54
18.6094,1542.55
18.5179,1542.54
17.5745,1530.27
17.2427,1542.46
15.4385,1529.63
16.1279,1543.13
15.819,1539.32
16.3397,1542.92
17.6458,1543.32
18.1967,1541.75
13.8328,1516.12
14.0883,1508.48
11.9652,1464.79
10.834,1399.63
11.1151,1465.96
10.2943,1348.08
9.73097,1251.25
11.1175,1509.98
10.3964,1479.39
9.41964,1250.37
9.36193,1115.81
9.71321,1149.02
9.02984,1018.39
8.41853,887.03
8.38751,885.574
6.81317,430.877
7.31756,507.574
7.42248,538.208
7.72075,628.998
8.18032,714.091
7.75406,618.367
7.41863,497.292
6.62839,370.283
5.83489,218.985
5.27208,176.701
5.11649,115.028
3.91085,42.5067
2.22229,-4.76178
2.36203,-2.84783
1.63967,-2.97816
1.5828,-1.77433
1.57419,-1.77841
2.42768,-2.18449
2.76344,-2.98374
2.6226,-2.78528
1.68464,-2.15244
2.55818,-4.21558
2.3701,-2.68621
2.56983,-2.84396
2.23773,-3.12958
2.25805,-1.92004
3.24346,-2.17482
2.84847,-2.35508
2.71276,-3.92377
2.43476,-3.15047
4.17061,62.9304
4.66162,102.048
3.87847,74.0272
4.97548,101.08
4.605,87.8634
5.12641,149.79
5.44396,148
5.05953,131.855
5.42664,148.999
5.12397,133.434
4.45071,91.9161
4.89886,99.46
4.47302,66.0771
4.4815,64.6619
4.7495,100.194
4.64924,81.1313
6.67556,375.761
4.24998,61.5789
3.29973,-5.71578
3.09102,-6.69688
3.13446,-7.13282
2.92969,-3.275
2.80631,-1.81813
4.24587,4.97981
4.55337,105.202
3.23003,6.39076
16.6717,1545.39
14.076,1540.85
17.6566,1542.89
15.187,1542.67
17.0541,1541.74
16.084,1542.58
12.4579,1542.41
11.2796,1542.57
9.97308,1441.17
9.8121,1422.24
9.04212,1137.13
9.09014,1045.66
9.35133,1085.07
9.93831,1252.16
6.95708,436.43
6.62034,362.082
7.38548,498.841
6.76174,366.371
8.88781,946.901
8.57459,879.777
8.10267,770.557
7.72993,597.402
7.4255,478.059
7.64855,538.679
7.73253,558.931
7.80621,545.441
6.38198,309.647
3.86901,32.999
4.12077,13.7663
4.8572,127.234
4.96714,134.344
5.33976,150.753
5.66148,209.528
6.30106,330.378
7.96401,631.054
8.40021,667.479
7.8336,638.458
7.58525,623.335
7.77664,551.659
6.34314,349.265
5.21546,181.159
6.13057,288.466
6.08036,279.549
5.30237,177.212
5.97779,271.682
5.68272,217.425
7.59394,579.842
8.17836,764.128
7.53676,589.312
8.30795,769.411
8.22772,745.18
6.94985,454.56
7.06704,470.971
7.30584,541.672
6.89816,464.573
7.15371,461.216
7.25704,489.941
7.28599,496.581
8.2052,728.22
8.73688,887.54
8.50609,850.969
8.37061,844.992
8.02256,738.228
8.03412,737.596
8.64024,923.39
10.1185,1383.49
10.8463,1545.43
10.7154,1538.86
10.2787,1490.19
10.6878,1515.55
11.7804,1544.15
12.2664,1543.91
11.9374,1544.06
13.3867,1544.43
13.5077,1544.67
14.6872,1543.92
15.0677,1543.85
16.3657,1544.5
16.4068,1544.36
15.9191,1543.3
14.7372,1544.69
13.781,1544.17
11.8714,1541.8
11.0885,1544.06
11.3288,1544.05
11.5704,1543.53
10.8372,1543.1
11.388,1542.99
11.3626,1540.86
10.8385,1485.92
9.76795,1347.35
9.24067,1159.96
9.77501,1329.54
9.9828,1359.9
10.0081,1349.91
10.9773,1499.92
10.4559,1463.91
10.1157,1413.86
10.1732,1435.37
10.1147,1411.05
10.6254,1413.03
10.9204,1464.89
9.81219,1291.54
9.78608,1291.18
8.91612,1031.06
9.55189,1186.3
10.325,1398
9.46607,1162.03
8.64017,927.718
8.84747,1007.49
9.31242,1187.4
10.0309,1354.73
9.84121,1314.33
8.32931,747.396
7.51651,590.563
6.53016,393.591
8.02695,683.535
8.09,643.958
9.15076,1033.95
8.79385,926.215
9.33144,1124.75
8.7432,897.497
8.5746,828.205
9.17846,1045.18
9.59235,1150.18
8.75381,845.91
9.99035,1221.29
8.94892,919.698
10.4441,1210.28
11.0711,1300.85
11.3681,1458.83
10.8176,1332.65
10.4906,1323.4
10.1246,1260.43
9.47454,1107.26
9.7205,1107.33
9.89911,1215.58
9.6819,1091.94
10.0791,1259.35
9.46857,1028.24
8.81354,863.033
10.6189,1331.4
9.81366,1269.61
10.1174,1178.84
9.82537,1241.68
10.448,1327.19
9.86013,1249.61
11.7032,1508.6
11.2975,1448.36
11.3485,1426.66
10.0739,1331.96
10.1969,1324.99
10.2288,1393.66
9.52096,1178.04
8.66043,879.455
9.73933,1250.84
10.7635,1456.27
10.8582,1472.85
10.5699,1428.59
10.1815,1390.75
10.6777,1440.35
10.8846,1478.15
10.5948,1433.07
10.5372,1411.47
10.8143,1458.19
10.3716,1390.39
10.2192,1380.09
10.0182,1305.42
10.3921,1441.13
10.1143,1395.97
10.4704,1463.47
9.98574,1345.14
9.3474,1142.03
8.79761,975.602
8.96552,1010.23
8.41266,799.878
7.66519,589.288
7.68835,589.555
6.67037,372.547
5.30199,156.363
6.51238,294.013
3.38243,-8.91585
3.33389,-8.68112
3.65299,-8.6952
2.92813,-6.17334
3.85943,2.62314
3.89041,64.8841
4.53884,83.0968
4.89876,134.817
4.59798,109.499
4.2596,64.5791
4.47326,76.5908
2.83941,-6.7595
4.60144,87.88
4.22557,72.8431
4.55407,90.4144
3.912,52.2951
4.36158,94.9279
4.62512,91.2178
3.86172,59.8017
3.64342,-3.072
4.45444,78.3758
4.9272,122.753
4.21197,70.2965
4.45096,68.4122
4.40797,79.0031
4.64498,100.042
5.08349,130.638
4.65681,116.391
4.95924,127.995
5.29265,151.749
3.73319,-2.94851
5.00104,152.587
5.85806,221.049
5.81084,205.304
5.77158,199.108
5.67333,191.972
5.25853,144.12
4.82468,119.628
4.94263,122.806
6.61592,309.654
6.90468,374.785
7.44607,483.735
7.26915,463.455
7.77859,606.187
7.17761,447.611
7.45506,551.054
7.68194,577.527
7.86012,652.031
7.79729,628.785
7.95147,719.67
6.91726,426.369
7.22805,480.54
7.52703,558.279
8.07214,674.715
8.04706,683.642
7.65577,613.948
7.31211,557.945
7.65561,636.822
7.78553,665.556
8.27849,763.042
6.91119,418.009
7.55906,561.969
7.07272,427.954
6.71145,347.79
6.72448,388.146
6.76496,379.261
7.33425,508.339
6.36043,318.176
5.37056,199.175
5.51959,201.198
4.5187,88.7336
4.27472,-6.15633
6.6171,252.171
4.82016,129.811
5.58363,214.067
5.57312,209.865
7.12295,408.184
4.85155,122.877
6.39283,302.543
6.85795,340.297
6.47927,347.491
8.36268,863.88
9.47256,1065.78
9.01086,1009.92
8.82753,891.241
9.53807,1112.6
11.4222,1456
10.4487,1330.3
9.09339,958.967
8.7394,911.273
8.97276,959.47
8.52827,880.872
8.50411,804.576
8.48538,748.722
9.10092,1010.62
8.30372,723.54
9.06107,963.55
7.80638,574.263
9.3044,1043.99
8.17736,724.98
8.68506,867.368
7.32285,493.397
7.88805,691.378
7.09794,399.804
8.70588,874.516
7.81011,648.66
7.85037,613.215
8.0018,650.387
7.98025,655.437
6.0863,250.273
5.47562,179.952
6.79339,348.125
6.55873,345.758
4.88372,102.232
5.011,132.342
3.8777,33.5411
5.18089,129.958
4.98585,96.0564
4.58756,82.658
5.67808,184.47
6.22639,241.279
5.87158,220.822
5.22999,136.612
5.08757,123.913
3.62197,-6.99862
4.00437,12.8158
3.90889,28.2102
3.32323,-3.04191
3.72904,-1.61708
3.5007,23.2706
3.15681,-2.74485
3.99042,5.41974
2.97269,-2.29419
3.12064,-2.74246
3.7361,10.1646
3.98926,53.3194
3.97277,16.4467
4.49304,80.5492
4.41541,75.8372
4.41703,35.8893
4.56613,73.9682
3.44656,-1.93767
4.26627,61.3842
3.18225,7.14603
4.07747,-16.8879
1.93038,-6.696
2.83788,-6.70286
3.77389,3.3291
3.09404,10.4262
3.59112,23.8637
3.45162,27.8313
3.10455,8.55168
2.99974,-15.6925
2.69883,-6.37942
3.5575,-1.49899
3.29475,9.19652
2.76554,-6.63685
1.82628,-6.14989
2.12524,-5.47137
2.65811,-6.68462
1.7021,-6.16843
1.91362,-5.51903
1.31157,-5.15924
2.34086,-2.421
2.62758,-3.63298
1.52076,-2.29942
1.63009,-1.9834
1.51191,-1.98055
1.70122,-1.583
2.12019,-1.67155
2.21003,-2.80252
1.44229,-1.9633
2.18923,-1.95325
2.47077,-1.98562
2.52108,-2.27645
2.53947,-1.64463
2.58255,-2.20983
2.81197,-2.11939
3.40597,-0.736058
3.4193,16.1588
3.12622,-2.79963
3.76013,9.47111
1.27742,-1.77387
2.49264,-1.86684
1.43324,-2.45687
1.35795,-1.878
2.3317,-1.87456
2.70276,-2.06084
2.79641,-1.91019
3.07054,-2.39273
2.79704,-3.36547
2.57184,-1.65996
2.78349,-3.02443
3.00675,-4.02562
3.27294,-2.3447
4.43475,13.503
4.08568,71.6691
4.14029,65.1765
3.84133,47.0286
4.34515,88.623
5.02925,135.211
5.7118,204.399
5.77453,204.699
5.53221,174.233
5.66968,193.509
6.26507,304.463
6.345,317.089
6.729,363.58
6.64077,342.054
5.80079,245.381
5.93506,214.871
5.96739,234.42
6.23045,281.644
6.49817,316.868
6.79709,372.825
7.20959,418.343
7.27795,481.974
7.74442,614.84
7.8471,645.044
7.80743,627.85
8.09812,722.007
8.37759,728.758
8.03007,653.351
7.83119,650.471
8.28576,753.637
8.4287,780.459
8.63472,908.953
9.24199,1038.61
9.07208,1020.54
8.92717,1003.94
8.57686,825.36
8.62415,874.921
9.0482,974.107
8.51426,858.226
8.22725,750.312
8.49464,776.73
8.11039,736.952
7.71456,592.05
8.17931,687.213
8.26544,730.891
8.55088,811.97
8.82566,871.727
8.53524,830.827
8.45385,855.01
8.14107,725.17
8.09955,732.348
8.36476,755.593
7.70793,580.41
7.42642,513.944
7.73678,605.576
8.85505,861.796
8.33712,768.456
8.1187,698.369
7.82535,611.195
8.16029,682.907
7.28359,490.426
6.93444,393.962
7.45094,514.51
7.41095,543.296
7.30171,494.891
7.45999,501.211
7.37459,523.205
7.1181,481.802
6.9256,440.43
6.58348,358.764
6.6885,385.609
6.85836,392.019
7.19327,478.636
7.23375,451.212
7.15435,462.422
7.1339,431.823
5.81918,242.08
5.63782,219.078
5.61683,181.267
5.42258,154.924
5.20126,179.078
4.9694,151.11
4.65468,107.385
5.01354,137.523
4.93082,157.939
4.19677,71.1764
4.99759,112.119
4.95057,142.644
5.39566,184.69
5.47852,191.133
5.71657,226.105
6.13136,257.417
5.98085,215.743
6.15462,260.744
5.90437,250.182
5.76116,205.77
6.88653,360.451
6.00653,277.632
6.5116,305.512
7.58309,519.968
8.25016,738.586
7.48084,565.982
7.73215,644.56
7.92878,626.762
7.33343,497.608
7.71559,553.106
7.62675,556.468
7.51863,545.839
6.75027,378.493
6.46751,349.93
7.27379,489.356
7.84174,638.952
7.3017,491.774
6.39282,323.183
6.68195,372.407
7.51202,548.373
7.54893,555.869
7.90476,672.552
8.51207,861.664
8.52036,848.039
8.56064,854.233
8.0669,729.734
8.3172,829.713
8.23064,801.399
8.80152,982.396
9.32186,1188.94
9.61788,1243.62
9.31119,1178.19
9.19199,1105.87
9.1595,1091.93
9.34847,1129.59
10.3642,1364.3
10.4973,1507.47
10.9331,1523.14
11.0931,1538.46
9.85473,1305.96
9.19,1087.09
9.5214,1161
10.478,1371.19
10.0334,1403.98
10.3048,1365.25
9.17456,1112.38
7.38835,534.629
5.90399,248.983
6.48626,292.331
7.45927,481.157
7.42491,533.332
7.68721,579.033
8.01577,683.493
7.93441,683.206
8.22502,796.95
8.54697,893.057
8.14387,763.576
7.57922,538.866
9.00252,991.556
8.13183,723.542
9.05779,1027.88
8.66029,917.097
9.12742,1018.76
8.60923,926.598
9.7309,1258.82
9.85309,1300.6
8.41013,787.991
6.7141,337.611
6.86703,387.347
6.91923,399.358
6.32239,306.87
5.36415,159.042
4.96456,121.582
4.41737,94.6667
5.03459,124.607
5.09958,151.301
5.00118,121.176
4.66629,110.352
5.45904,144.363
6.57088,301.727
5.84764,224.595
5.89387,183.573
4.91909,95.8357
4.83622,83.6343
5.41928,178.044
5.53744,175.12
5.06645,137.024
4.68911,106.976
5.22803,136.511
5.24257,145.837
5.43324,160.046
5.44275,174.606
5.90734,221.075
5.59501,185.203
4.94042,99.9274
4.93722,113.987
5.64913,176.543
4.44013,82.7671
4.82739,113.569
4.86071,109.441
5.06968,116.657
5.14337,126.648
5.1725,123.617
5.51024,175.367
5.16312,125.654
5.15858,120.732
4.58221,75.5056
3.48661,28.227
3.80977,29.626
4.11264,77.5101
5.41361,155.074
6.02949,235.776
6.06724,273.688
5.08631,150.894
4.83572,111.65
3.81482,27.0554
2.8666,-7.1833
1.95042,-2.97113
1.59862,-1.88728
2.0256,-1.89621
1.31668,-1.74514
1.52901,-1.74664
1.86204,-1.90211
2.63337,-2.41158
3.64384,-3.8807
2.60982,-3.48063
3.54398,3.32448
3.96096,53.4049
3.91752,46.3035
3.22113,16.4688
2.1435,-11.2296
2.99574,-2.73847
3.95757,30.0868
3.11018,14.1227
3.48639,22.9203
3.79626,44.5215
3.57891,24.9278
3.31684,15.6569
2.82937,-0.344933
3.32611,7.15225
3.41735,3.77316
3.91449,45.2811
3.41618,21.8516
3.13961,6.22827
3.43544,19.032
2.74696,-9.89114
2.59698,-5.87012
2.88012,-3.82172
2.42356,-2.11317
2.83593,-2.18304
2.5447,-2.32511
1.97096,-2.34027
2.24459,-2.07217
2.06103,-1.68287
2.22897,-1.94802
2.63018,-2.19301
2.30789,-2.24269
2.47563,-2.21547
2.91484,-3.72932
2.72999,-2.56856
3.23073,-2.45726
3.12565,-3.41699
3.05701,-2.98784
2.66175,-3.12745
1.79241,-1.88783
2.80185,-3.04805
2.81888,-2.87648
3.39144,-1.58867
2.57326,-3.76857
2.31369,-2.79542
2.23664,-1.91317
2.36774,-1.8582
2.40617,-2.0272
2.63468,-3.31925
2.77567,-3.08424
2.67394,-2.54144
3.44049,1.55807
2.63273,-7.78008
2.08429,-4.13894
2.10382,-2.14142
3.5953,2.95591
4.16416,91.9204
5.98921,262.15
5.61808,214.741
3.60455,43.3819
3.51459,-3.34908
3.77072,10.7209
3.03574,25.1973
2.46326,-2.71332
2.01592,-1.63342
2.33168,-2.0287
2.25923,-2.99342
2.07091,-2.9241
2.54597,-3.01067
2.00542,-2.6147
0.81376,-1.86052
0.893535,-1.8527
0.679617,-1.52634
0.818221,-1.8519
0.36912,-1.86438
1.06302,-1.87487
0.397199,-2.04964
0.984101,-1.8183
0.859644,-1.57583
1.17386,-1.86713
0.86459,-1.87729
2.31142,-2.3416
1.75249,-3.57351
2.27771,-2.0616
1.33917,-1.86379
2.01757,-1.87748
1.18903,-1.89017
0.60304,-1.72305
0.883856,-1.66939
1.22084,-1.88888
1.40804,-1.85966
2.07758,-1.89351
1.33506,-1.88113
1.14788,-1.69952
1.27732,-1.71502
0.523428,-1.8974
0.702686,-1.88112
0.724237,-1.89363
0.585592,-1.88994
1.41712,-1.64605
0.499746,-1.75532
0.0821038,-1.8796
0.0828803,-1.88254
0.491489,-1.8964
0.77431,-1.8887
2.67254,-1.66152
3.46839,-4.35132
2.67308,-3.61899
1.41169,-4.22584
1.92256,-1.91511
2.30982,-1.9298
2.48444,-2.51281
2.75481,-2.74707
2.76382,-2.42057
3.11111,-2.6744
3.26886,-3.78691
3.56486,1.02637
4.69537,104.658
4.18678,75.0646
4.42871,86.2352
4.73359,98.9207
4.79686,114.653
5.4559,168.904
5.33465,159.504
5.60902,159.31
5.89036,207.221
6.39258,253.51
5.90026,234.351
5.96742,232.541
5.93528,224.577
6.26664,257.924
5.82479,222.558
5.55252,171.455
5.76591,191.622
5.91028,230.37
6.04163,229.512
